order_date,orders_count,revenue,avg_order_value,unique_customers,unique_restaurants
2022-01-01,46,24338.19,529.0910869565217,45,43
2022-01-02,34,18835.72,553.9917647058824,33,32
2022-01-03,42,20183.27,480.55404761904765,42,40
2022-01-04,49,22084.17,450.69734693877547,48,44
2022-01-05,38,17601.11,463.1871052631579,38,34
2022-01-06,40,19790.41,494.76025,40,36
2022-01-07,48,21631.77,450.661875,48,41
2022-01-08,40,19080.57,477.01425,40,38
2022-01-09,51,28911.77,566.8974509803921,51,43
2022-01-10,29,13997.66,482.67793103448275,29,27
2022-01-11,49,21660.59,442.05285714285714,49,46
2022-01-12,57,27044.94,474.47263157894736,57,51
2022-01-13,53,26633.71,502.5228301886792,53,48
2022-01-14,41,18903.989999999998,461.0729268292682,41,37
2022-01-15,40,20526.08,513.152,40,38
2022-01-16,47,23782.739999999998,506.015744680851,47,43
2022-01-17,47,24676.23,525.0261702127659,47,41
2022-01-18,48,22174.21,461.9627083333333,48,42
2022-01-19,47,20915.079999999998,445.00170212765954,46,43
2022-01-20,54,24404.62,451.93740740740736,54,47
2022-01-21,50,23482.41,469.6482,50,48
2022-01-22,54,28726.55,531.9731481481481,54,49
2022-01-23,55,28394.8,516.2690909090909,55,49
2022-01-24,45,22184.39,492.98644444444443,45,38
2022-01-25,61,28772.96,471.687868852459,61,57
2022-01-26,39,19399.96,497.43487179487175,39,34
2022-01-27,41,19924.32,485.9590243902439,41,39
2022-01-28,53,26543.96,500.82943396226415,53,46
2022-01-29,43,20709.24,481.61023255813956,43,40
2022-01-30,54,25006.510000000002,463.08351851851853,54,50
2022-01-31,46,22364.670000000002,486.1884782608696,46,39
2022-02-01,42,18691.31,445.0311904761905,42,36
2022-02-02,44,20173.72,458.49363636363637,44,36
2022-02-03,51,23868.86,468.016862745098,50,45
2022-02-04,59,29240.21,495.5967796610169,59,48
2022-02-05,46,20955.6,455.5565217391304,46,42
2022-02-06,57,29991.29,526.1629824561404,57,51
2022-02-07,47,22515.93,479.06234042553194,47,45
2022-02-08,45,22224.54,493.8786666666667,44,40
2022-02-09,42,20581.7,490.0404761904762,40,38
2022-02-10,38,17542.54,461.64578947368426,37,35
2022-02-11,60,30430.48,507.17466666666667,60,53
2022-02-12,36,21200.16,588.8933333333333,36,33
2022-02-13,39,18577.06,476.33487179487184,39,38
2022-02-14,63,28600.76,453.98031746031745,63,55
2022-02-15,35,15045.61,429.87457142857147,35,35
2022-02-16,56,27010.2,482.325,56,50
2022-02-17,47,23060.57,490.6504255319149,47,36
2022-02-18,41,22307.0,544.0731707317074,41,38
2022-02-19,42,22609.06,538.3109523809524,42,36
2022-02-20,45,23439.09,520.8686666666666,45,42
2022-02-21,54,25911.87,479.84944444444443,54,48
2022-02-22,52,27349.34,525.9488461538461,52,42
2022-02-23,56,28216.829999999998,503.8719642857142,56,52
2022-02-24,41,18126.11,442.10024390243905,41,38
2022-02-25,49,21732.48,443.52,49,47
2022-02-26,35,19587.42,559.6405714285714,35,34
2022-02-27,52,27791.97,534.4609615384616,52,43
2022-02-28,36,16945.27,470.70194444444445,36,33
2022-03-01,35,16383.029999999999,468.0865714285714,35,33
2022-03-02,48,20181.25,420.4427083333333,48,46
2022-03-03,52,26057.37,501.10326923076923,52,47
2022-03-04,42,21520.6,512.395238095238,42,39
2022-03-05,50,29667.56,593.3512000000001,50,47
2022-03-06,40,19634.920000000002,490.87300000000005,40,37
2022-03-07,54,26287.13,486.7987037037037,54,48
2022-03-08,41,19572.11,477.36853658536586,41,36
2022-03-09,43,22988.57,534.6179069767442,43,42
2022-03-10,44,20070.96,456.1581818181818,44,40
2022-03-11,39,17033.39,436.7535897435897,39,35
2022-03-12,52,24848.73,477.8601923076923,52,48
2022-03-13,39,20498.94,525.6138461538461,39,37
2022-03-14,40,19766.36,494.159,40,38
2022-03-15,54,24198.48,448.12,52,48
2022-03-16,49,20590.35,420.2112244897959,49,41
2022-03-17,49,23084.35,471.1091836734694,49,43
2022-03-18,51,25424.829999999998,498.5260784313725,51,43
2022-03-19,47,22682.6,482.60851063829784,47,37
2022-03-20,49,24999.98,510.20367346938775,49,39
2022-03-21,46,20753.24,451.15739130434787,45,44
2022-03-22,39,19853.77,509.07102564102564,39,35
2022-03-23,51,23417.8,459.17254901960786,50,44
2022-03-24,43,19940.8,463.7395348837209,43,40
2022-03-25,48,21589.17,449.77437499999996,48,43
2022-03-26,52,23104.4,444.31538461538463,52,45
2022-03-27,52,28928.51,556.3175,51,47
2022-03-28,65,31045.79,477.62753846153845,65,57
2022-03-29,32,15483.16,483.84875,32,32
2022-03-30,59,27320.329999999998,463.05644067796607,59,50
2022-03-31,48,23657.22,492.85875000000004,48,42
2022-04-01,46,24763.4,538.3347826086957,46,45
2022-04-02,30,15069.51,502.317,30,30
2022-04-03,43,23818.33,553.9146511627907,43,38
2022-04-04,33,13554.49,410.7421212121212,33,30
2022-04-05,44,19780.170000000002,449.54931818181825,44,38
2022-04-06,45,22363.73,496.9717777777778,45,43
2022-04-07,56,27972.86,499.51535714285717,56,51
2022-04-08,43,21419.84,498.13581395348837,43,37
2022-04-09,58,31050.78,535.3582758620689,58,50
2022-04-10,49,26561.52,542.0718367346939,49,44
2022-04-11,43,18849.53,438.3611627906976,43,38
2022-04-12,52,22716.49,436.85557692307697,52,46
2022-04-13,37,17657.86,477.23945945945945,37,35
2022-04-14,44,22247.05,505.61477272727274,44,38
2022-04-15,43,19554.02,454.7446511627907,42,40
2022-04-16,50,26283.82,525.6764,50,49
2022-04-17,43,20579.34,478.5893023255814,43,37
2022-04-18,54,28596.64,529.5674074074074,54,50
2022-04-19,44,21238.54,482.6940909090909,44,39
2022-04-20,55,28262.489999999998,513.8634545454545,55,50
2022-04-21,47,25525.31,543.0917021276596,47,41
2022-04-22,52,23083.04,443.9046153846154,52,49
2022-04-23,47,24302.37,517.0717021276596,47,41
2022-04-24,46,24875.99,540.7823913043478,46,42
2022-04-25,40,17041.09,426.02725,40,35
2022-04-26,51,21913.14,429.6694117647059,51,45
2022-04-27,47,21422.36,455.7948936170213,47,40
2022-04-28,41,20994.29,512.0558536585366,41,37
2022-04-29,49,23566.18,480.94244897959186,49,46
2022-04-30,45,25778.329999999998,572.8517777777778,45,41
2022-05-01,52,28843.01,554.6732692307692,52,46
2022-05-02,48,26689.6,556.0333333333333,48,44
2022-05-03,40,17812.35,445.30875,40,37
2022-05-04,56,26953.39,481.3105357142857,56,48
2022-05-05,55,26484.03,481.52781818181813,54,52
2022-05-06,44,22655.54,514.8986363636363,44,39
2022-05-07,42,23876.829999999998,568.4959523809523,42,39
2022-05-08,36,16859.81,468.3280555555556,36,34
2022-05-09,48,21798.44,454.13416666666666,48,47
2022-05-10,47,20234.68,430.5251063829787,47,39
2022-05-11,47,23137.95,492.2968085106383,47,43
2022-05-12,43,17757.21,412.95837209302323,43,38
2022-05-13,52,25723.2,494.6769230769231,52,45
2022-05-14,44,21862.18,496.8677272727273,44,39
2022-05-15,44,20500.61,465.92295454545456,44,38
2022-05-16,42,21937.53,522.3221428571428,42,37
2022-05-17,52,24816.88,477.2476923076923,51,43
2022-05-18,28,13028.01,465.28607142857146,28,27
2022-05-19,62,30694.96,495.08,62,54
2022-05-20,60,26407.93,440.13216666666665,60,51
2022-05-21,42,21295.61,507.03833333333336,42,39
2022-05-22,40,20570.47,514.26175,40,35
2022-05-23,39,19331.62,495.6825641025641,39,35
2022-05-24,57,25973.44,455.67438596491223,57,50
2022-05-25,56,25002.69,446.4766071428571,56,49
2022-05-26,49,23775.38,485.2118367346939,49,42
2022-05-27,58,26746.61,461.14844827586205,58,52
2022-05-28,32,16638.56,519.955,32,30
2022-05-29,43,25733.27,598.4481395348837,43,37
2022-05-30,55,28913.51,525.7001818181818,55,49
2022-05-31,40,19822.36,495.559,40,38
2022-06-01,41,18578.09,453.1241463414634,41,35
2022-06-02,37,18122.14,489.7875675675676,37,32
2022-06-03,49,22308.73,455.28020408163263,48,42
2022-06-04,43,24631.78,572.8320930232558,43,41
2022-06-05,42,21724.25,517.2440476190476,42,38
2022-06-06,41,20939.83,510.7275609756098,41,35
2022-06-07,43,19470.14,452.7939534883721,43,37
2022-06-08,51,27149.32,532.3396078431373,51,48
2022-06-09,45,19599.42,435.5426666666666,45,44
2022-06-10,44,19649.62,446.5822727272727,44,37
2022-06-11,50,24836.03,496.7206,50,47
2022-06-12,39,22069.49,565.884358974359,39,34
2022-06-13,55,29239.329999999998,531.6241818181818,55,44
2022-06-14,43,20681.64,480.9683720930232,43,41
2022-06-15,49,24113.63,492.1148979591837,49,46
2022-06-16,42,22750.37,541.6754761904762,42,37
2022-06-17,45,25065.739999999998,557.0164444444443,45,37
2022-06-18,54,29539.940000000002,547.035925925926,54,47
2022-06-19,62,31348.0,505.61290322580646,62,53
2022-06-20,39,17885.77,458.6094871794872,39,36
2022-06-21,41,19722.26,481.03073170731705,41,37
2022-06-22,38,18311.39,481.8786842105263,38,34
2022-06-23,48,24605.1,512.6062499999999,48,43
2022-06-24,35,15861.23,453.178,35,34
2022-06-25,37,21846.92,590.4572972972973,37,34
2022-06-26,40,21344.239999999998,533.606,40,35
2022-06-27,57,26541.4,465.6385964912281,57,46
2022-06-28,53,28491.18,537.5694339622642,53,51
2022-06-29,54,24341.2,450.762962962963,54,47
2022-06-30,37,17049.9,460.8081081081082,37,37
2022-07-01,45,21969.09,488.202,45,41
2022-07-02,42,20494.03,487.9530952380952,42,36
2022-07-03,42,20133.23,479.36261904761903,42,39
2022-07-04,45,18885.21,419.67133333333334,45,42
2022-07-05,40,17807.29,445.18225,40,37
2022-07-06,47,23917.44,508.88170212765954,47,43
2022-07-07,44,20501.03,465.93249999999995,44,41
2022-07-08,49,23846.63,486.66591836734693,49,45
2022-07-09,44,23104.51,525.1025,43,43
2022-07-10,62,33963.61,547.8001612903225,62,53
2022-07-11,41,19488.23,475.32268292682926,41,40
2022-07-12,55,26466.67,481.21218181818176,55,46
2022-07-13,59,30155.43,511.1089830508475,59,56
2022-07-14,51,26601.23,521.5927450980392,51,46
2022-07-15,40,17659.54,441.48850000000004,40,37
2022-07-16,40,23591.670000000002,589.7917500000001,40,37
2022-07-17,40,19849.56,496.23900000000003,40,38
2022-07-18,48,23411.579999999998,487.74125,48,46
2022-07-19,42,19258.0,458.5238095238095,42,38
2022-07-20,45,22520.78,500.46177777777774,45,42
2022-07-21,33,13954.44,422.8618181818182,33,33
2022-07-22,41,15992.29,390.0558536585366,41,41
2022-07-23,59,31028.26,525.9027118644068,59,48
2022-07-24,59,31840.27,539.665593220339,59,51
2022-07-25,38,18256.23,480.4271052631579,38,33
2022-07-26,48,24068.5,501.4270833333333,47,45
2022-07-27,62,27835.99,448.9675806451613,62,57
2022-07-28,51,21693.24,425.35764705882355,51,47
2022-07-29,43,17999.52,418.593488372093,43,40
2022-07-30,37,19980.7,540.018918918919,37,36
2022-07-31,52,25979.76,499.6107692307692,51,48
2022-08-01,44,19902.489999999998,452.3293181818181,44,37
2022-08-02,53,26727.93,504.30056603773585,53,49
2022-08-03,45,20780.33,461.7851111111112,44,41
2022-08-04,58,26611.37,458.81672413793103,58,54
2022-08-05,50,22879.38,457.5876,50,47
2022-08-06,41,21951.18,535.3946341463414,40,38
2022-08-07,53,29368.12,554.1154716981132,53,47
2022-08-08,34,15037.91,442.2914705882353,34,31
2022-08-09,47,22177.29,471.8572340425532,47,43
2022-08-10,38,17925.05,471.71184210526314,38,37
2022-08-11,54,26001.65,481.5120370370371,54,49
2022-08-12,64,27894.92,435.858125,64,57
2022-08-13,50,26869.45,537.389,50,45
2022-08-14,40,20709.97,517.7492500000001,40,38
2022-08-15,38,18945.09,498.555,38,35
2022-08-16,56,25789.89,460.53375,55,50
2022-08-17,55,25604.65,465.53909090909093,55,48
2022-08-18,42,20843.3,496.2690476190476,42,40
2022-08-19,51,22698.89,445.0762745098039,51,48
2022-08-20,45,21974.96,488.33244444444443,45,42
2022-08-21,38,20144.48,530.1178947368421,38,35
2022-08-22,51,21449.76,420.5835294117647,51,45
2022-08-23,39,17792.95,456.2294871794872,39,34
2022-08-24,55,26114.67,474.8121818181818,55,50
2022-08-25,39,17714.93,454.22897435897437,39,35
2022-08-26,50,23080.97,461.61940000000004,50,47
2022-08-27,56,26990.63,481.97553571428574,56,51
2022-08-28,45,24385.0,541.8888888888889,45,37
2022-08-29,50,24501.21,490.0242,50,46
2022-08-30,47,20737.19,441.21680851063826,47,44
2022-08-31,48,23143.24,482.15083333333337,48,44
2022-09-01,48,23163.74,482.5779166666667,48,45
2022-09-02,46,21629.6,470.2086956521739,46,45
2022-09-03,43,24225.0,563.3720930232558,43,41
2022-09-04,54,27574.1,510.63148148148144,54,47
2022-09-05,50,27395.22,547.9044,50,48
2022-09-06,47,21641.14,460.44978723404256,47,47
2022-09-07,47,21955.72,467.14297872340427,46,44
2022-09-08,35,14540.9,415.45428571428573,35,31
2022-09-09,34,15170.720000000001,446.1976470588236,34,33
2022-09-10,46,24566.32,534.0504347826087,46,41
2022-09-11,50,27547.77,550.9554,50,46
2022-09-12,44,19976.6,454.01363636363635,44,41
2022-09-13,39,19519.68,500.5046153846154,39,37
2022-09-14,51,24611.14,482.5713725490196,50,45
2022-09-15,50,23938.67,478.7734,50,46
2022-09-16,49,23905.41,487.8655102040816,49,44
2022-09-17,49,26503.31,540.8838775510204,49,48
2022-09-18,57,25221.51,442.48263157894735,56,53
2022-09-19,52,26666.77,512.8225,52,48
2022-09-20,47,22719.96,483.4034042553191,47,43
2022-09-21,45,23906.36,531.2524444444444,45,42
2022-09-22,47,20876.26,444.17574468085104,47,44
2022-09-23,40,17796.83,444.92075000000006,40,40
2022-09-24,43,19103.22,444.26093023255817,43,38
2022-09-25,47,23767.91,505.7002127659574,47,42
2022-09-26,53,26756.25,504.83490566037733,53,48
2022-09-27,44,21509.46,488.8513636363636,44,36
2022-09-28,50,23775.57,475.5114,50,47
2022-09-29,42,21607.74,514.47,42,39
2022-09-30,35,16279.28,465.12228571428574,35,30
2022-10-01,52,26719.87,513.8436538461539,52,45
2022-10-02,39,22243.4,570.3435897435897,39,38
2022-10-03,58,28273.97,487.4822413793104,58,52
2022-10-04,44,19828.66,450.6513636363636,44,42
2022-10-05,48,25378.42,528.7170833333333,48,43
2022-10-06,65,32067.3,493.3430769230769,65,59
2022-10-07,46,19454.29,422.91934782608695,45,42
2022-10-08,49,25637.1,523.2061224489796,48,45
2022-10-09,49,25990.82,530.4248979591837,49,46
2022-10-10,47,22308.71,474.6534042553191,47,45
2022-10-11,50,23495.13,469.9026,50,44
2022-10-12,44,20979.8,476.81363636363636,44,42
2022-10-13,38,16753.85,440.89078947368415,38,34
2022-10-14,45,20547.63,456.61400000000003,45,39
2022-10-15,47,23508.76,500.1863829787234,47,43
2022-10-16,48,26958.84,561.6425,48,45
2022-10-17,44,19468.5,442.46590909090907,44,40
2022-10-18,55,27844.37,506.2612727272727,55,48
2022-10-19,52,23320.19,448.4651923076923,52,43
2022-10-20,50,23173.87,463.4774,50,43
2022-10-21,52,26268.85,505.1701923076923,52,44
2022-10-22,48,26699.86,556.2470833333333,48,43
2022-10-23,41,23552.13,574.4421951219513,41,37
2022-10-24,44,21038.35,478.14431818181816,44,42
2022-10-25,52,24557.58,472.2611538461539,51,46
2022-10-26,36,16622.99,461.74972222222226,36,35
2022-10-27,45,19290.63,428.6806666666667,45,40
2022-10-28,43,20563.83,478.2286046511628,43,40
2022-10-29,50,24506.47,490.12940000000003,50,47
2022-10-30,50,25263.2,505.264,50,43
2022-10-31,40,19317.41,482.93525,39,37
2022-11-01,44,22218.54,504.9668181818182,44,41
2022-11-02,48,22004.43,458.425625,48,43
2022-11-03,36,17177.75,477.15972222222223,36,32
2022-11-04,42,20654.33,491.76976190476194,42,37
2022-11-05,44,23852.31,542.0979545454546,44,42
2022-11-06,35,17724.76,506.42171428571424,35,34
2022-11-07,45,21695.44,482.1208888888889,45,40
2022-11-08,43,21690.02,504.4190697674419,42,39
2022-11-09,44,19830.43,450.6915909090909,44,40
2022-11-10,42,19141.76,455.75619047619045,42,37
2022-11-11,32,13261.1,414.409375,32,31
2022-11-12,53,28257.37,533.1579245283019,52,47
2022-11-13,51,25216.08,494.43294117647065,51,47
2022-11-14,49,24643.87,502.9361224489796,49,46
2022-11-15,56,26442.19,472.1819642857143,56,49
2022-11-16,52,24230.34,465.9680769230769,52,49
2022-11-17,56,26930.829999999998,480.90767857142856,56,50
2022-11-18,48,22731.66,473.57625,48,44
2022-11-19,51,27128.26,531.9266666666666,50,43
2022-11-20,47,24777.18,527.1740425531915,47,44
2022-11-21,50,22473.68,449.47360000000003,50,43
2022-11-22,51,21677.69,425.05274509803917,49,44
2022-11-23,46,20070.81,436.32195652173914,46,42
2022-11-24,51,24469.07,479.78568627450977,51,41
2022-11-25,50,24736.08,494.7216,49,46
2022-11-26,59,29585.86,501.45525423728816,59,53
2022-11-27,45,24580.13,546.2251111111111,45,39
2022-11-28,49,21970.8,448.38367346938776,49,47
2022-11-29,38,16886.81,444.3897368421053,38,37
2022-11-30,53,24498.25,462.2311320754717,53,45
2022-12-01,56,25429.32,454.09499999999997,56,47
2022-12-02,51,22982.12,450.6298039215686,51,45
2022-12-03,56,30476.62,544.2253571428571,56,46
2022-12-04,45,24589.84,546.4408888888889,45,40
2022-12-05,51,22746.7,446.01372549019607,51,47
2022-12-06,50,21231.25,424.625,50,44
2022-12-07,42,18700.04,445.23904761904765,42,41
2022-12-08,40,18104.53,452.61325,40,37
2022-12-09,48,23374.96,486.9783333333333,48,42
2022-12-10,49,24359.33,497.1291836734694,49,44
2022-12-11,57,29708.78,521.2066666666666,57,48
2022-12-12,44,22631.88,514.3609090909091,44,39
2022-12-13,42,19687.92,468.75999999999993,42,37
2022-12-14,42,21442.48,510.53523809523807,42,39
2022-12-15,48,20570.8,428.55833333333334,48,45
2022-12-16,46,22305.88,484.9104347826087,46,37
2022-12-17,40,23392.35,584.8087499999999,40,37
2022-12-18,42,20653.74,491.7557142857143,42,37
2022-12-19,46,21992.87,478.10586956521735,46,43
2022-12-20,58,29441.87,507.6184482758621,58,49
2022-12-21,48,22876.31,476.5897916666667,48,42
2022-12-22,34,15473.0,455.0882352941176,34,29
2022-12-23,38,15598.83,410.49552631578945,38,37
2022-12-24,41,17736.32,432.5931707317073,41,38
2022-12-25,48,23449.05,488.52187499999997,48,43
2022-12-26,47,22168.07,471.6610638297872,47,42
2022-12-27,53,27076.57,510.878679245283,53,49
2022-12-28,55,27539.23,500.71327272727274,55,52
2022-12-29,51,25629.31,502.53549019607846,51,45
2022-12-30,53,27272.2,514.5698113207548,52,45
2022-12-31,39,18243.21,467.77461538461534,39,35
2023-01-01,43,19446.27,452.23883720930235,43,39
2023-01-02,32,14499.58,453.111875,32,29
2023-01-03,32,14029.73,438.4290625,32,26
2023-01-04,39,18828.37,482.77871794871794,39,36
2023-01-05,40,19648.23,491.20574999999997,40,35
2023-01-06,39,20464.62,524.7338461538461,39,36
2023-01-07,47,24702.54,525.5859574468085,47,44
2023-01-08,51,24638.39,483.10568627450976,51,46
2023-01-09,44,21041.45,478.21477272727276,44,40
2023-01-10,47,22458.22,477.8344680851064,47,41
2023-01-11,58,28713.46,495.0596551724138,58,54
2023-01-12,40,17457.55,436.43874999999997,40,39
2023-01-13,56,25083.44,447.9185714285714,56,49
2023-01-14,43,19976.55,464.5709302325581,43,40
2023-01-15,45,21968.68,488.1928888888889,45,43
2023-01-16,63,30659.43,486.65761904761905,63,52
2023-01-17,50,24728.32,494.5664,49,46
2023-01-18,49,22675.48,462.76489795918366,48,46
2023-01-19,39,14923.45,382.6525641025641,39,37
2023-01-20,47,22223.35,472.8372340425532,47,43
2023-01-21,48,26473.7,551.5354166666667,48,39
2023-01-22,43,19462.46,452.6153488372093,43,41
2023-01-23,57,27266.95,478.3675438596491,57,47
2023-01-24,47,23039.71,490.20659574468084,47,39
2023-01-25,48,21877.82,455.78791666666666,48,41
2023-01-26,65,28815.58,443.31661538461543,64,56
2023-01-27,42,20667.8,492.0904761904762,42,39
2023-01-28,48,23046.7,480.13958333333335,48,45
2023-01-29,58,31761.010000000002,547.6036206896553,58,50
2023-01-30,35,15433.27,440.95057142857144,34,34
2023-01-31,39,20253.45,519.3192307692308,39,35
2023-02-01,53,25861.82,487.9588679245283,53,51
2023-02-02,45,20224.36,449.43022222222226,45,41
2023-02-03,38,18077.01,475.71078947368414,38,34
2023-02-04,50,26726.57,534.5314,50,46
2023-02-05,42,21147.5,503.51190476190476,42,38
2023-02-06,48,22864.99,476.35395833333337,48,45
2023-02-07,48,23888.37,497.674375,48,46
2023-02-08,57,25721.67,451.2573684210526,55,53
2023-02-09,49,26089.69,532.4426530612245,49,46
2023-02-10,51,24281.63,476.11039215686276,51,50
2023-02-11,42,22264.78,530.1138095238096,42,38
2023-02-12,47,23620.61,502.566170212766,47,44
2023-02-13,50,22128.04,442.56080000000003,50,45
2023-02-14,37,13828.86,373.752972972973,37,34
2023-02-15,50,26831.03,536.6206,50,44
2023-02-16,41,18334.55,447.1841463414634,41,39
2023-02-17,44,21787.1,495.1613636363636,43,41
2023-02-18,60,29955.85,499.26416666666665,60,55
2023-02-19,38,19976.43,525.6955263157895,38,35
2023-02-20,50,21914.01,438.2802,50,46
2023-02-21,44,22207.62,504.71863636363634,44,39
2023-02-22,41,17293.420000000002,421.7907317073171,41,38
2023-02-23,44,18404.48,418.28363636363633,44,39
2023-02-24,41,22739.16,554.6136585365854,41,36
2023-02-25,55,25865.35,470.2790909090909,55,46
2023-02-26,48,28601.81,595.8710416666667,48,44
2023-02-27,45,20217.44,449.2764444444444,45,41
2023-02-28,66,32756.66,496.3130303030303,65,59
2023-03-01,35,18144.76,518.4217142857142,35,32
2023-03-02,49,22843.75,466.19897959183675,49,44
2023-03-03,38,16870.93,443.9718421052632,38,37
2023-03-04,44,26095.46,593.0786363636363,44,38
2023-03-05,59,29396.16,498.24,59,50
2023-03-06,40,19496.16,487.404,40,38
2023-03-07,48,22380.56,466.2616666666667,48,41
2023-03-08,46,23839.97,518.2602173913044,46,43
2023-03-09,56,27115.6,484.20714285714286,55,51
2023-03-10,61,30981.670000000002,507.89622950819677,61,56
2023-03-11,48,22739.9,473.7479166666667,48,44
2023-03-12,41,21821.41,532.229512195122,41,39
2023-03-13,45,22923.04,509.4008888888889,45,41
2023-03-14,41,17619.55,429.7451219512195,41,36
2023-03-15,50,22480.93,449.6186,50,46
2023-03-16,40,18727.74,468.19350000000003,39,37
2023-03-17,50,24291.3,485.82599999999996,50,43
2023-03-18,46,25693.6,558.5565217391304,46,41
2023-03-19,52,27729.3,533.2557692307693,52,45
2023-03-20,44,23682.420000000002,538.2368181818182,43,38
2023-03-21,41,15525.93,378.6812195121951,41,34
2023-03-22,34,14685.92,431.93882352941176,34,31
2023-03-23,44,23082.54,524.6031818181818,44,40
2023-03-24,56,22702.57,405.4030357142857,56,50
2023-03-25,48,23335.81,486.16270833333334,48,45
2023-03-26,53,26850.28,506.6090566037736,53,48
2023-03-27,59,27804.2,471.25762711864405,59,50
2023-03-28,46,21291.0,462.8478260869565,46,40
2023-03-29,36,16671.07,463.0852777777778,36,33
2023-03-30,49,21001.96,428.6114285714286,49,48
2023-03-31,41,16983.26,414.22585365853655,41,34
2023-04-01,43,23972.01,557.4886046511627,43,39
2023-04-02,43,22482.0,522.8372093023256,43,38
2023-04-03,43,16999.36,395.3339534883721,41,41
2023-04-04,52,24364.68,468.5515384615385,52,49
2023-04-05,34,14612.27,429.77264705882357,34,31
2023-04-06,40,19589.21,489.73024999999996,40,38
2023-04-07,41,17791.65,433.9426829268293,41,39
2023-04-08,47,25633.54,545.3944680851064,47,45
2023-04-09,47,23435.8,498.6340425531915,47,42
2023-04-10,48,25086.61,522.6377083333333,48,41
2023-04-11,32,16140.36,504.38625,32,30
2023-04-12,60,27102.12,451.702,60,54
2023-04-13,52,24797.68,476.8784615384615,52,48
2023-04-14,47,22690.86,482.78425531914894,47,42
2023-04-15,46,24732.67,537.6667391304347,46,40
2023-04-16,36,19195.39,533.2052777777777,36,34
2023-04-17,61,30306.12,496.8216393442623,61,54
2023-04-18,37,16856.94,455.5929729729729,36,36
2023-04-19,44,20400.61,463.6502272727273,44,42
2023-04-20,46,21968.13,477.5680434782609,46,44
2023-04-21,46,23350.75,507.625,45,41
2023-04-22,38,22372.21,588.7423684210526,37,36
2023-04-23,48,25906.309999999998,539.7147916666667,48,43
2023-04-24,50,26863.81,537.2762,50,45
2023-04-25,49,25368.94,517.7334693877551,49,44
2023-04-26,41,18709.52,456.32975609756096,41,36
2023-04-27,48,24038.86,500.80958333333336,47,43
2023-04-28,40,19351.38,483.78450000000004,40,38
2023-04-29,55,29428.69,535.0670909090909,55,47
2023-04-30,49,26169.47,534.0708163265307,49,44
2023-05-01,40,17559.91,438.99775,40,39
2023-05-02,49,19750.59,403.07326530612244,49,42
2023-05-03,52,23311.56,448.2992307692308,52,48
2023-05-04,45,20855.3,463.4511111111111,45,40
2023-05-05,51,25329.59,496.6586274509804,51,47
2023-05-06,40,17965.0,449.125,40,35
2023-05-07,43,19004.69,441.9695348837209,43,40
2023-05-08,53,25139.85,474.33679245283014,53,44
2023-05-09,56,26670.51,476.2591071428571,55,49
2023-05-10,53,24603.29,464.2130188679245,53,48
2023-05-11,47,21444.57,456.2674468085106,47,43
2023-05-12,45,20777.85,461.72999999999996,45,42
2023-05-13,44,25105.9,570.5886363636364,44,43
2023-05-14,44,24410.25,554.7784090909091,44,38
2023-05-15,44,19435.82,441.7231818181818,44,42
2023-05-16,71,31745.54,447.12028169014087,71,58
2023-05-17,37,15950.78,431.1021621621622,37,34
2023-05-18,40,18503.010000000002,462.57525000000004,40,36
2023-05-19,44,21599.26,490.8922727272727,44,40
2023-05-20,47,22035.35,468.8372340425532,47,38
2023-05-21,47,24341.420000000002,517.9025531914893,47,44
2023-05-22,52,22267.15,428.2144230769231,52,48
2023-05-23,30,14667.34,488.91133333333335,30,27
2023-05-24,41,18519.5,451.6951219512195,41,38
2023-05-25,49,25992.71,530.4634693877551,48,40
2023-05-26,35,17495.75,499.87857142857143,35,32
2023-05-27,41,24183.02,589.829756097561,41,40
2023-05-28,45,23153.09,514.5131111111111,45,42
2023-05-29,55,28432.99,516.9634545454546,55,48
2023-05-30,28,11333.6,404.7714285714286,28,25
2023-05-31,47,25910.29,551.2827659574468,46,41
2023-06-01,43,23181.62,539.1074418604651,43,41
2023-06-02,55,28706.7,521.94,55,51
2023-06-03,48,23856.850000000002,497.01770833333336,48,42
2023-06-04,42,23010.24,547.8628571428571,42,39
2023-06-05,50,23944.3,478.88599999999997,50,43
2023-06-06,40,16290.81,407.27025,40,37
2023-06-07,47,18956.21,403.32361702127656,47,43
2023-06-08,56,25344.25,452.57589285714283,56,51
2023-06-09,48,20742.97,432.14520833333336,48,39
2023-06-10,51,26856.86,526.6050980392157,51,48
2023-06-11,45,24315.38,540.3417777777778,45,40
2023-06-12,46,22514.56,489.44695652173914,46,42
2023-06-13,39,17253.72,442.403076923077,39,39
2023-06-14,51,23237.32,455.63372549019607,51,48
2023-06-15,40,19392.8,484.82,40,35
2023-06-16,44,19874.62,451.6959090909091,44,40
2023-06-17,40,21466.65,536.66625,40,37
2023-06-18,39,20648.08,529.4379487179488,39,39
2023-06-19,36,16459.13,457.1980555555556,36,35
2023-06-20,51,24555.68,481.48392156862747,51,46
2023-06-21,54,23391.34,433.17296296296297,54,50
2023-06-22,54,26102.86,483.3862962962963,54,47
2023-06-23,51,24227.09,475.0409803921569,51,45
2023-06-24,56,25163.34,449.34535714285715,56,48
2023-06-25,47,24457.9,520.3808510638298,47,43
2023-06-26,38,16960.94,446.3405263157894,38,35
2023-06-27,53,26578.15,501.47452830188683,52,49
2023-06-28,64,27759.34,433.7396875,63,51
2023-06-29,43,16741.53,389.33790697674414,43,40
2023-06-30,47,24335.08,517.7676595744681,47,43
2023-07-01,53,29398.12,554.6815094339622,53,46
2023-07-02,41,22679.73,553.1641463414634,41,36
2023-07-03,57,30723.8,539.0140350877193,57,50
2023-07-04,40,19415.21,485.38025,39,36
2023-07-05,38,19193.51,505.0923684210526,38,36
2023-07-06,54,24119.54,446.65814814814814,54,48
2023-07-07,49,23144.16,472.3297959183673,49,46
2023-07-08,35,18416.079999999998,526.1737142857143,35,31
2023-07-09,49,23863.72,487.01469387755105,49,44
2023-07-10,47,22497.76,478.67574468085104,47,42
2023-07-11,39,17480.54,448.2189743589744,39,33
2023-07-12,39,16757.98,429.69179487179485,39,35
2023-07-13,56,28596.44,510.6507142857143,56,46
2023-07-14,41,19138.84,466.8009756097561,41,40
2023-07-15,37,18609.79,502.9672972972973,37,34
2023-07-16,50,26819.02,536.3804,50,48
2023-07-17,50,24849.58,496.99160000000006,50,48
2023-07-18,48,22175.95,461.99895833333335,48,45
2023-07-19,44,19253.91,437.5888636363636,44,41
2023-07-20,46,24593.52,534.6417391304348,46,42
2023-07-21,43,20288.8,471.83255813953485,41,38
2023-07-22,39,20001.5,512.8589743589744,39,38
2023-07-23,47,24827.260000000002,528.2395744680852,47,40
2023-07-24,39,19140.41,490.7797435897436,39,34
2023-07-25,42,19253.2,458.4095238095238,42,38
2023-07-26,54,29712.49,550.2312962962964,52,49
2023-07-27,50,24320.72,486.4144,50,40
2023-07-28,54,26240.49,485.935,54,46
2023-07-29,49,27729.86,565.9155102040817,49,44
2023-07-30,49,26027.05,531.1642857142857,49,45
2023-07-31,49,23110.89,471.6508163265306,49,44
2023-08-01,41,19711.43,480.76658536585364,41,37
2023-08-02,44,20567.62,467.4459090909091,44,39
2023-08-03,46,19356.84,420.8008695652174,46,41
2023-08-04,49,20400.48,416.3363265306122,49,44
2023-08-05,56,30243.96,540.0707142857143,56,53
2023-08-06,51,24731.53,484.93196078431373,51,48
2023-08-07,40,20890.41,522.26025,40,36
2023-08-08,66,30141.33,456.6868181818182,66,56
2023-08-09,59,26967.15,457.0703389830509,59,52
2023-08-10,47,22785.79,484.8040425531915,47,44
2023-08-11,43,20712.71,481.6909302325581,43,40
2023-08-12,43,23566.57,548.0597674418605,43,36
2023-08-13,39,21088.94,540.7420512820512,39,37
2023-08-14,46,20938.56,455.18608695652176,46,42
2023-08-15,53,27233.8,513.8452830188679,53,50
2023-08-16,61,27846.82,456.50524590163934,61,55
2023-08-17,48,23254.43,484.46729166666665,48,43
2023-08-18,37,18178.5,491.31081081081084,37,34
2023-08-19,42,22706.33,540.6269047619048,42,37
2023-08-20,56,31568.739999999998,563.7275,56,48
2023-08-21,43,20363.86,473.57813953488375,43,40
2023-08-22,39,20528.26,526.365641025641,39,37
2023-08-23,40,19605.07,490.12675,40,36
2023-08-24,48,23000.71,479.1814583333333,48,45
2023-08-25,37,16738.04,452.3794594594595,37,32
2023-08-26,52,26092.829999999998,501.7851923076923,51,44
2023-08-27,37,17867.61,482.9083783783784,37,36
2023-08-28,47,18041.05,383.8521276595745,47,44
2023-08-29,60,29569.62,492.827,60,56
2023-08-30,36,16256.86,451.57944444444445,36,33
2023-08-31,47,22278.920000000002,474.0195744680851,47,41
2023-09-01,60,29280.6,488.01,60,48
2023-09-02,46,25541.8,555.2565217391304,45,43
2023-09-03,37,21454.26,579.8448648648648,37,35
2023-09-04,44,21378.82,485.8822727272727,44,42
2023-09-05,44,21910.72,497.9709090909091,44,44
2023-09-06,38,16676.49,438.855,38,34
2023-09-07,47,21824.16,464.34382978723403,47,41
2023-09-08,47,20887.079999999998,444.4059574468085,47,45
2023-09-09,42,23273.18,554.1233333333333,41,38
2023-09-10,52,24911.07,479.0590384615385,52,46
2023-09-11,48,21482.85,447.559375,47,43
2023-09-12,49,22455.24,458.2702040816327,49,43
2023-09-13,58,27756.2,478.5551724137931,57,50
2023-09-14,43,20703.64,481.47999999999996,43,43
2023-09-15,64,31712.54,495.5084375,63,58
2023-09-16,52,26653.75,512.5721153846154,52,49
2023-09-17,45,21763.38,483.6306666666667,45,41
2023-09-18,43,19126.0,444.7906976744186,43,38
2023-09-19,48,22724.72,473.4316666666667,48,45
2023-09-20,54,26524.27,491.1901851851852,54,49
2023-09-21,50,23671.11,473.42220000000003,50,41
2023-09-22,33,15853.42,480.4066666666667,33,31
2023-09-23,41,21807.61,531.8929268292683,41,38
2023-09-24,37,18046.89,487.7537837837838,37,36
2023-09-25,35,17716.51,506.186,35,33
2023-09-26,42,19278.92,459.0219047619047,42,38
2023-09-27,46,20395.63,443.3832608695652,46,41
2023-09-28,47,21022.8,447.2936170212766,47,39
2023-09-29,58,29496.25,508.5560344827586,58,51
2023-09-30,54,30709.24,568.6896296296296,54,45
2023-10-01,47,25939.11,551.8959574468086,47,41
2023-10-02,40,22167.61,554.19025,40,36
2023-10-03,47,21004.22,446.89829787234044,47,44
2023-10-04,53,24883.39,469.4979245283019,53,46
2023-10-05,44,21401.15,486.38977272727277,44,38
2023-10-06,41,18937.27,461.88463414634145,41,39
2023-10-07,48,25537.2,532.025,48,44
2023-10-08,47,22891.88,487.0612765957447,47,39
2023-10-09,48,21458.1,447.04375,48,39
2023-10-10,45,21775.67,483.90377777777775,45,42
2023-10-11,33,14437.57,437.5021212121212,33,31
2023-10-12,51,22294.34,437.14392156862743,51,48
2023-10-13,56,26366.53,470.8308928571428,56,48
2023-10-14,64,31057.75,485.27734375,64,57
2023-10-15,52,26927.47,517.8359615384616,52,46
2023-10-16,41,18868.69,460.2119512195122,41,36
2023-10-17,35,19294.260000000002,551.2645714285715,35,32
2023-10-18,35,14910.32,426.0091428571429,35,34
2023-10-19,45,19249.07,427.7571111111111,45,39
2023-10-20,48,23907.420000000002,498.07125,48,42
2023-10-21,41,21717.46,529.6941463414634,41,39
2023-10-22,33,16557.170000000002,501.7324242424243,33,33
2023-10-23,52,26769.47,514.7975,52,49
2023-10-24,63,28985.63,460.0893650793651,63,56
2023-10-25,50,21011.69,420.2338,49,44
2023-10-26,45,17805.11,395.66911111111114,45,43
2023-10-27,48,22585.78,470.5370833333333,48,42
2023-10-28,43,21546.3,501.0767441860465,43,39
2023-10-29,49,27948.35,570.3744897959183,49,45
2023-10-30,43,23881.5,555.3837209302326,43,39
2023-10-31,49,19543.37,398.8442857142857,49,43
2023-11-01,48,23083.77,480.911875,48,44
2023-11-02,51,24027.09,471.1194117647059,50,45
2023-11-03,54,24281.87,449.66425925925927,54,50
2023-11-04,47,25907.09,551.2146808510638,47,44
2023-11-05,40,20484.92,512.1229999999999,40,36
2023-11-06,49,21588.81,440.5879591836735,48,47
2023-11-07,40,19387.99,484.69975000000005,40,37
2023-11-08,41,21309.24,519.7375609756098,41,37
2023-11-09,47,20015.35,425.85851063829784,47,44
2023-11-10,55,24819.44,451.26254545454543,55,51
2023-11-11,43,23882.489999999998,555.4067441860465,43,38
2023-11-12,47,25523.63,543.0559574468085,47,42
2023-11-13,47,21584.66,459.248085106383,47,42
2023-11-14,41,20762.48,506.40195121951217,41,38
2023-11-15,43,19656.920000000002,457.1376744186047,42,35
2023-11-16,50,22557.45,451.149,50,47
2023-11-17,56,25625.14,457.5917857142857,56,49
2023-11-18,44,21379.61,485.9002272727273,44,39
2023-11-19,61,33132.51,543.1559016393443,61,52
2023-11-20,38,18732.04,492.9484210526316,38,37
2023-11-21,47,21767.52,463.1387234042553,47,43
2023-11-22,48,21347.29,444.73520833333333,48,45
2023-11-23,52,23957.49,460.72096153846155,52,47
2023-11-24,54,27222.010000000002,504.11129629629636,54,46
2023-11-25,48,22515.329999999998,469.069375,47,41
2023-11-26,46,24945.27,542.2884782608696,46,40
2023-11-27,39,17915.71,459.3771794871795,39,38
2023-11-28,47,23422.7,498.3553191489362,47,40
2023-11-29,56,27738.77,495.33517857142857,55,51
2023-11-30,42,21679.9,516.1880952380952,42,40
2023-12-01,41,18579.84,453.1668292682927,41,37
2023-12-02,47,22881.95,486.85,47,43
2023-12-03,43,23593.74,548.6916279069768,43,41
2023-12-04,48,22479.739999999998,468.3279166666666,48,44
2023-12-05,47,20482.8,435.8042553191489,47,41
2023-12-06,50,23376.47,467.5294,50,47
2023-12-07,42,18692.58,445.0614285714286,42,37
2023-12-08,44,20648.52,469.2845454545455,44,41
2023-12-09,66,36659.83,555.4519696969697,66,57
2023-12-10,42,20404.260000000002,485.8157142857143,42,39
2023-12-11,53,23701.46,447.19735849056605,53,46
2023-12-12,52,23250.7,447.12884615384615,52,44
2023-12-13,54,25763.49,477.1016666666667,54,50
2023-12-14,46,19996.93,434.7158695652174,44,37
2023-12-15,48,23058.510000000002,480.38562500000006,48,43
2023-12-16,55,29860.61,542.9201818181818,55,52
2023-12-17,51,23835.78,467.3682352941176,51,44
2023-12-18,48,23906.54,498.0529166666667,48,42
2023-12-19,49,23928.52,488.33714285714285,49,44
2023-12-20,38,16925.62,445.4110526315789,38,33
2023-12-21,47,21967.12,467.3855319148936,47,42
2023-12-22,59,27465.49,465.516779661017,59,49
2023-12-23,42,20795.11,495.12166666666667,42,41
2023-12-24,54,27176.57,503.2698148148148,54,47
2023-12-25,49,23712.38,483.92612244897964,49,46
2023-12-26,47,23989.63,510.41765957446813,47,41
2023-12-27,50,23385.92,467.7184,50,45
2023-12-28,60,27430.53,457.1755,60,53
2023-12-29,31,15864.83,511.76870967741934,31,29
2023-12-30,37,17404.07,470.3802702702703,37,36
2023-12-31,45,22695.85,504.35222222222217,45,41
2024-01-01,52,25238.84,485.3623076923077,52,48
2024-01-02,55,25584.15,465.16636363636366,55,48
2024-01-03,51,25065.19,491.47431372549016,51,48
2024-01-04,50,23112.12,462.2424,50,43
2024-01-05,51,23581.98,462.39176470588234,51,46
2024-01-06,44,23775.03,540.3415909090909,44,39
2024-01-07,51,27861.93,546.3123529411765,51,47
2024-01-08,60,28542.68,475.71133333333336,60,53
2024-01-09,49,22738.07,464.04224489795916,49,44
2024-01-10,50,23417.04,468.3408,49,47
2024-01-11,45,19807.91,440.1757777777778,45,41
2024-01-12,48,21436.9,446.6020833333334,48,44
2024-01-13,63,33624.729999999996,533.7258730158729,63,59
2024-01-14,41,21062.12,513.710243902439,40,36
2024-01-15,50,22663.04,453.2608,50,47
2024-01-16,42,19855.39,472.7473809523809,42,41
2024-01-17,36,18956.17,526.5602777777777,36,36
2024-01-18,42,17943.69,427.23071428571427,42,34
2024-01-19,46,23468.7,510.1891304347826,46,40
2024-01-20,45,23392.87,519.8415555555555,45,40
2024-01-21,51,25309.27,496.26019607843136,51,43
2024-01-22,49,20288.08,414.0424489795919,49,39
2024-01-23,44,19897.85,452.2238636363636,43,37
2024-01-24,53,23937.63,451.6533962264151,53,45
2024-01-25,44,23023.96,523.2718181818182,44,39
2024-01-26,47,21058.29,448.0487234042553,47,42
2024-01-27,44,20856.56,474.0127272727273,44,40
2024-01-28,49,27906.16,569.5134693877551,49,44
2024-01-29,49,21372.49,436.17326530612246,49,44
2024-01-30,46,21773.04,473.32695652173913,46,42
2024-01-31,51,22168.05,434.6676470588235,51,49
2024-02-01,46,23180.08,503.9147826086957,46,40
2024-02-02,47,23481.49,499.606170212766,47,41
2024-02-03,49,24124.41,492.33489795918365,48,45
2024-02-04,43,22291.54,518.4079069767442,43,41
2024-02-05,36,15881.97,441.1658333333333,36,34
2024-02-06,42,18126.01,431.5716666666666,42,37
2024-02-07,45,21637.16,480.8257777777778,44,43
2024-02-08,47,23718.72,504.6536170212766,47,44
2024-02-09,42,18419.829999999998,438.5673809523809,42,38
2024-02-10,38,18319.62,482.0952631578947,38,33
2024-02-11,41,21956.47,535.5236585365853,41,39
2024-02-12,47,23500.72,500.0153191489362,47,41
2024-02-13,53,24429.06,460.9256603773585,52,48
2024-02-14,40,20040.53,501.01324999999997,40,36
2024-02-15,54,25224.56,467.1214814814815,53,46
2024-02-16,52,24875.670000000002,478.37826923076926,52,46
2024-02-17,45,24913.72,553.6382222222222,45,42
2024-02-18,37,16475.35,445.2797297297297,37,36
2024-02-19,44,19213.09,436.6611363636364,44,36
2024-02-20,61,30833.14,505.46131147540984,61,54
2024-02-21,49,22473.72,458.6473469387755,49,43
2024-02-22,45,20669.04,459.312,45,43
2024-02-23,52,24575.85,472.61249999999995,51,48
2024-02-24,52,25118.09,483.04019230769234,51,46
2024-02-25,53,28082.96,529.8671698113208,53,49
2024-02-26,52,21408.1,411.6942307692307,52,47
2024-02-27,51,23078.43,452.51823529411763,51,47
2024-02-28,38,17354.42,456.6952631578947,37,35
2024-02-29,39,19785.29,507.31512820512825,39,37
2024-03-01,63,30786.02,488.6669841269841,63,57
2024-03-02,44,23300.21,529.5502272727273,44,39
2024-03-03,41,22441.06,547.3429268292683,41,40
2024-03-04,41,20125.239999999998,490.8595121951219,41,35
2024-03-05,41,18440.55,449.76951219512193,41,37
2024-03-06,36,16785.63,466.26750000000004,36,34
2024-03-07,47,22003.1,468.1510638297872,46,43
2024-03-08,51,23597.03,462.68686274509804,51,49
2024-03-09,56,28030.04,500.5364285714286,56,50
2024-03-10,41,20839.739999999998,508.2863414634146,41,37
2024-03-11,48,22512.91,469.01895833333333,47,43
2024-03-12,55,27242.08,495.3105454545455,55,46
2024-03-13,48,21886.55,455.96979166666665,48,44
2024-03-14,36,17436.52,484.34777777777776,36,33
2024-03-15,42,19326.0,460.14285714285717,42,40
2024-03-16,66,32706.81,495.5577272727273,66,59
2024-03-17,45,22596.2,502.1377777777778,44,36
2024-03-18,39,19495.09,499.87410256410254,39,37
2024-03-19,44,21663.49,492.3520454545455,44,38
2024-03-20,43,18421.02,428.39581395348836,43,40
2024-03-21,53,23883.27,450.6277358490566,53,45
2024-03-22,44,22457.15,510.38977272727277,44,42
2024-03-23,45,21120.28,469.33955555555553,45,39
2024-03-24,44,20667.92,469.7254545454545,44,40
2024-03-25,52,26468.95,509.01826923076925,52,50
2024-03-26,46,21845.11,474.8936956521739,45,41
2024-03-27,45,24077.46,535.0546666666667,45,40
2024-03-28,40,18212.73,455.31825,39,37
2024-03-29,52,25522.12,490.81,51,45
2024-03-30,48,24686.21,514.2960416666666,48,45
2024-03-31,61,29518.95,483.91721311475413,61,52
2024-04-01,43,20287.04,471.79162790697677,43,39
2024-04-02,43,19775.46,459.89441860465115,43,40
2024-04-03,46,21745.34,472.72478260869565,46,41
2024-04-04,49,20266.03,413.59244897959184,49,43
2024-04-05,51,23225.1,455.3941176470588,51,45
2024-04-06,53,27856.74,525.5988679245283,53,47
2024-04-07,41,19770.99,482.21926829268295,41,37
2024-04-08,45,20217.36,449.2746666666667,45,40
2024-04-09,35,17642.42,504.0691428571428,34,35
2024-04-10,51,24714.18,484.5917647058824,50,48
2024-04-11,42,19952.4,475.0571428571429,42,38
2024-04-12,41,21717.19,529.6875609756097,41,38
2024-04-13,44,20772.22,472.0959090909091,44,39
2024-04-14,37,20736.99,560.4591891891893,37,34
2024-04-15,38,15642.61,411.64763157894737,38,37
2024-04-16,54,25956.97,480.6846296296296,54,49
2024-04-17,51,26016.69,510.13117647058823,50,48
2024-04-18,71,33831.59,476.50126760563376,70,63
2024-04-19,42,19452.34,463.1509523809524,42,34
2024-04-20,35,17887.83,511.0808571428572,35,33
2024-04-21,62,33077.76,533.5122580645161,62,52
2024-04-22,42,20342.239999999998,484.33904761904756,42,39
2024-04-23,53,26190.39,494.15830188679246,51,46
2024-04-24,47,21616.1,459.91702127659573,47,41
2024-04-25,42,20252.11,482.1930952380952,42,41
2024-04-26,42,20117.25,478.98214285714283,42,38
2024-04-27,55,30672.8,557.6872727272727,55,53
2024-04-28,41,22719.01,554.1221951219512,41,36
2024-04-29,37,19831.44,535.9848648648648,37,37
2024-04-30,38,17285.49,454.8813157894737,38,37
2024-05-01,47,23477.16,499.5140425531915,47,41
2024-05-02,67,30897.56,461.1576119402985,67,60
2024-05-03,47,21244.92,452.01957446808507,47,41
2024-05-04,58,29529.66,509.13206896551725,58,52
2024-05-05,37,19581.96,529.2421621621621,37,35
2024-05-06,61,27005.07,442.7060655737705,61,55
2024-05-07,53,26821.53,506.06660377358486,53,45
2024-05-08,45,20956.58,465.7017777777778,45,43
2024-05-09,63,30465.31,483.5763492063492,63,55
2024-05-10,45,22533.65,500.7477777777778,45,42
2024-05-11,47,24377.6,518.6723404255318,47,42
2024-05-12,40,19952.78,498.81949999999995,39,35
2024-05-13,50,23773.93,475.47860000000003,50,44
2024-05-14,54,25304.670000000002,468.605,54,44
2024-05-15,44,17845.57,405.58113636363635,44,43
2024-05-16,58,27229.61,469.4760344827586,57,52
2024-05-17,51,23331.25,457.47549019607845,50,46
2024-05-18,56,27972.8,499.5142857142857,56,51
2024-05-19,52,28844.09,554.6940384615384,52,44
2024-05-20,47,21333.01,453.893829787234,47,40
2024-05-21,43,20874.63,485.456511627907,42,40
2024-05-22,53,26351.04,497.18943396226416,53,43
2024-05-23,52,25105.0,482.78846153846155,52,46
2024-05-24,43,22382.09,520.5137209302326,43,41
2024-05-25,47,25457.58,541.6506382978724,46,42
2024-05-26,37,16633.74,449.56054054054056,37,31
2024-05-27,48,21727.27,452.6514583333333,48,45
2024-05-28,35,16892.06,482.6302857142858,35,32
2024-05-29,38,17960.59,472.6471052631579,38,33
2024-05-30,47,24348.25,518.0478723404256,47,44
2024-05-31,46,23494.6,510.75217391304346,46,42
2024-06-01,42,24533.01,584.1192857142856,42,37
2024-06-02,50,25375.69,507.51379999999995,50,44
2024-06-03,42,19661.75,468.13690476190476,41,40
2024-06-04,43,20330.53,472.8030232558139,43,39
2024-06-05,54,26661.94,493.73962962962963,54,45
2024-06-06,34,16153.66,475.10764705882355,34,31
2024-06-07,39,17363.47,445.2171794871795,39,37
2024-06-08,48,26268.58,547.2620833333334,48,46
2024-06-09,42,22516.81,536.1145238095238,42,37
2024-06-10,36,18059.57,501.65472222222223,36,33
2024-06-11,38,15910.68,418.7021052631579,38,36
2024-06-12,52,20748.66,399.0126923076923,51,47
2024-06-13,52,23982.1,461.1942307692307,52,48
2024-06-14,43,21388.9,497.4162790697675,43,39
2024-06-15,45,25015.08,555.8906666666667,45,39
2024-06-16,46,22944.21,498.78717391304343,45,41
2024-06-17,46,22168.47,481.92326086956524,45,42
2024-06-18,64,32128.57,502.00890625,64,56
2024-06-19,56,24279.53,433.5630357142857,56,47
2024-06-20,45,18322.43,407.1651111111111,45,43
2024-06-21,50,23592.68,471.85360000000003,50,47
2024-06-22,42,19045.49,453.4640476190477,42,36
2024-06-23,47,23737.94,505.0625531914893,47,45
2024-06-24,37,16457.97,444.81000000000006,37,35
2024-06-25,49,22160.98,452.26489795918366,49,43
2024-06-26,40,18790.69,469.76725,40,36
2024-06-27,46,21231.65,461.5576086956522,46,42
2024-06-28,37,19143.07,517.3802702702702,37,35
2024-06-29,51,26619.46,521.9501960784313,51,46
2024-06-30,50,24916.48,498.32959999999997,50,43
2024-07-01,35,15209.8,434.56571428571425,35,31
2024-07-02,48,20872.77,434.849375,48,45
2024-07-03,48,22461.329999999998,467.944375,48,44
2024-07-04,53,24309.21,458.6643396226415,53,47
2024-07-05,58,28488.2,491.17586206896556,58,49
2024-07-06,55,27104.47,492.8085454545455,55,51
2024-07-07,47,23441.22,498.74936170212766,47,43
2024-07-08,48,23728.62,494.34625,48,45
2024-07-09,37,16783.58,453.6102702702703,37,36
2024-07-10,41,19791.03,482.7080487804878,41,38
2024-07-11,54,24129.94,446.8507407407407,54,46
2024-07-12,45,20774.07,461.646,45,42
2024-07-13,61,30958.28,507.5127868852459,60,55
2024-07-14,48,24668.29,513.9227083333334,46,46
2024-07-15,54,24469.59,453.1405555555556,54,50
2024-07-16,50,25164.47,503.2894,50,43
2024-07-17,43,19940.11,463.723488372093,43,40
2024-07-18,42,20444.14,486.7652380952381,42,40
2024-07-19,41,18960.68,462.45560975609754,41,36
2024-07-20,51,26676.34,523.0654901960785,51,45
2024-07-21,42,20183.95,480.5702380952381,42,35
2024-07-22,46,20894.12,454.21999999999997,46,44
2024-07-23,49,24121.19,492.26918367346934,49,39
2024-07-24,50,24283.14,485.6628,50,42
2024-07-25,60,25328.8,422.14666666666665,59,52
2024-07-26,38,18178.63,478.38500000000005,38,35
2024-07-27,39,23347.84,598.6625641025641,39,37
2024-07-28,46,24815.89,539.4758695652174,46,39
2024-07-29,48,23188.5,483.09375,48,44
2024-07-30,47,20998.73,446.78148936170214,47,43
2024-07-31,43,19114.14,444.51488372093024,43,37
2024-08-01,43,20175.61,469.20023255813953,43,37
2024-08-02,43,19094.31,444.0537209302326,43,39
2024-08-03,43,21390.9,497.46279069767445,43,40
2024-08-04,52,25934.69,498.7440384615384,52,46
2024-08-05,61,30253.45,495.9581967213115,61,54
2024-08-06,65,31894.69,490.68753846153845,65,57
2024-08-07,40,21120.63,528.01575,40,34
2024-08-08,45,22481.88,499.5973333333334,45,38
2024-08-09,45,19727.97,438.39933333333335,45,42
2024-08-10,48,24001.18,500.02458333333334,47,41
2024-08-11,43,21680.41,504.1955813953488,43,40
2024-08-12,42,18259.579999999998,434.7519047619047,42,39
2024-08-13,48,21921.97,456.70770833333336,48,41
2024-08-14,38,16341.62,430.0426315789474,38,35
2024-08-15,52,25974.9,499.5173076923077,52,50
2024-08-16,42,24662.41,587.2002380952381,42,40
2024-08-17,43,23762.89,552.6253488372093,43,40
2024-08-18,45,23737.98,527.5106666666667,45,41
2024-08-19,53,25043.93,472.5269811320755,53,45
2024-08-20,56,26350.27,470.54053571428574,55,49
2024-08-21,47,24697.51,525.4789361702127,47,43
2024-08-22,62,29835.48,481.2174193548387,62,52
2024-08-23,44,19614.33,445.7802272727273,44,43
2024-08-24,41,19261.48,469.7921951219512,41,40
2024-08-25,45,22263.44,494.7431111111111,45,41
2024-08-26,51,24456.91,479.5472549019608,51,46
2024-08-27,48,23187.58,483.07458333333335,48,42
2024-08-28,54,25655.64,475.1044444444444,53,51
2024-08-29,53,25079.91,473.20584905660377,53,46
2024-08-30,40,17825.64,445.64099999999996,40,39
2024-08-31,53,28162.72,531.3720754716982,53,46
2024-09-01,53,28797.7,543.3528301886793,53,46
2024-09-02,58,27690.920000000002,477.42965517241385,58,50
2024-09-03,48,21291.82,443.57958333333335,48,44
2024-09-04,44,21130.23,480.2325,44,41
2024-09-05,50,20872.67,417.4534,50,45
2024-09-06,53,26721.2,504.1735849056604,53,47
2024-09-07,51,25507.6,500.1490196078431,51,47
2024-09-08,57,28352.09,497.40508771929825,57,50
2024-09-09,40,18870.17,471.75424999999996,40,39
2024-09-10,49,22829.66,465.9114285714286,49,45
2024-09-11,47,24237.68,515.6953191489362,47,44
2024-09-12,53,26287.41,495.9888679245283,53,47
2024-09-13,42,19701.25,469.07738095238096,42,35
2024-09-14,42,22995.07,547.5016666666667,42,41
2024-09-15,50,27100.47,542.0094,50,48
2024-09-16,46,22030.93,478.93326086956523,46,40
2024-09-17,43,22807.5,530.4069767441861,43,40
2024-09-18,49,24088.72,491.6065306122449,49,45
2024-09-19,38,17909.48,471.3021052631579,38,36
2024-09-20,57,26375.22,462.72315789473686,57,51
2024-09-21,59,32527.3,551.3101694915254,59,56
2024-09-22,49,22099.69,451.014081632653,49,41
2024-09-23,50,25509.49,510.18980000000005,50,45
2024-09-24,41,19599.61,478.03926829268295,41,32
2024-09-25,46,22201.15,482.63369565217397,46,42
2024-09-26,58,29118.36,502.0406896551724,58,56
2024-09-27,44,20225.45,459.6693181818182,44,39
2024-09-28,40,23008.059999999998,575.2014999999999,40,35
2024-09-29,40,21037.05,525.92625,40,34
2024-09-30,52,22804.6,438.54999999999995,52,48
2024-10-01,38,18179.48,478.40736842105264,38,35
2024-10-02,25,10982.77,439.31080000000003,25,24
2024-10-03,44,23904.5,543.2840909090909,44,37
2024-10-04,44,20394.91,463.5206818181818,44,42
2024-10-05,52,30197.07,580.7128846153846,52,46
2024-10-06,44,22428.37,509.7356818181818,44,40
2024-10-07,44,20252.38,460.28136363636366,44,40
2024-10-08,39,17089.87,438.20179487179485,39,39
2024-10-09,40,18989.61,474.74025,40,35
2024-10-10,49,22915.98,467.6730612244898,49,46
2024-10-11,46,21061.28,457.85391304347826,45,42
2024-10-12,48,21273.34,443.19458333333336,48,41
2024-10-13,38,20570.01,541.3160526315789,38,35
2024-10-14,46,20997.48,456.4669565217391,46,42
2024-10-15,36,16649.17,462.47694444444437,35,34
2024-10-16,37,16169.24,437.0064864864865,37,32
2024-10-17,48,20666.27,430.5472916666667,48,46
2024-10-18,52,24077.3,463.025,52,45
2024-10-19,41,20322.79,495.6778048780488,41,39
2024-10-20,39,18006.98,461.7174358974359,39,38
2024-10-21,51,25422.82,498.4866666666667,51,46
2024-10-22,51,23399.13,458.8064705882353,51,50
2024-10-23,38,18221.63,479.51657894736843,38,35
2024-10-24,45,21524.27,478.3171111111111,45,41
2024-10-25,40,19251.79,481.29475,40,35
2024-10-26,45,20903.01,464.5113333333333,45,41
2024-10-27,38,20089.5,528.671052631579,38,31
2024-10-28,66,30798.94,466.65060606060604,66,56
2024-10-29,38,18862.56,496.3831578947369,37,35
2024-10-30,62,28417.03,458.3391935483871,62,53
2024-10-31,54,28838.38,534.044074074074,54,47
2024-11-01,57,26643.76,467.4343859649123,57,49
2024-11-02,49,26090.34,532.455918367347,49,45
2024-11-03,65,31781.38,488.9443076923077,65,59
2024-11-04,47,20610.670000000002,438.5248936170213,46,45
2024-11-05,52,24603.58,473.14576923076925,51,45
2024-11-06,56,25351.46,452.70464285714286,56,50
2024-11-07,59,28002.329999999998,474.61576271186436,59,54
2024-11-08,49,22046.06,449.9195918367347,48,46
2024-11-09,51,26284.35,515.3794117647059,51,44
2024-11-10,43,20339.84,473.01953488372095,43,38
2024-11-11,48,21069.54,438.94875,48,44
2024-11-12,47,22181.98,471.95702127659575,46,43
2024-11-13,55,26529.47,482.35400000000004,55,47
2024-11-14,56,27181.57,485.3851785714286,56,48
2024-11-15,40,18327.43,458.18575,40,37
2024-11-16,36,19307.1,536.3083333333333,36,32
2024-11-17,52,26859.43,516.5275,52,46
2024-11-18,44,21044.47,478.2834090909091,44,39
2024-11-19,46,22911.34,498.07260869565215,46,42
2024-11-20,47,21991.59,467.90617021276597,46,43
2024-11-21,39,17022.42,436.47230769230765,39,36
2024-11-22,54,28253.670000000002,523.2161111111111,53,50
2024-11-23,58,31811.33,548.4712068965517,58,53
2024-11-24,54,29318.2,542.9296296296296,54,46
2024-11-25,48,20703.79,431.32895833333333,48,44
2024-11-26,49,23883.98,487.4281632653061,48,45
2024-11-27,44,20426.81,464.2456818181818,44,42
2024-11-28,45,18824.75,418.3277777777778,45,39
2024-11-29,42,21610.43,514.5340476190477,42,38
2024-11-30,36,19324.49,536.791388888889,36,36
2024-12-01,42,21314.67,507.4921428571428,42,37
2024-12-02,52,27083.29,520.8325,52,45
2024-12-03,51,20407.29,400.14294117647063,51,43
2024-12-04,57,27085.6,475.18596491228067,56,49
2024-12-05,44,19554.3,444.41590909090905,44,42
2024-12-06,49,20229.48,412.84653061224486,49,44
2024-12-07,45,22760.85,505.7966666666666,45,42
2024-12-08,34,18360.19,540.0055882352941,34,31
2024-12-09,57,25387.95,445.40263157894736,57,52
2024-12-10,54,27156.35,502.89537037037036,53,48
2024-12-11,37,17225.17,465.54513513513507,37,35
2024-12-12,53,23942.28,451.7411320754717,53,47
2024-12-13,47,23936.34,509.283829787234,47,43
2024-12-14,52,26734.78,514.1303846153846,52,48
2024-12-15,37,17511.82,473.2924324324324,37,32
2024-12-16,54,23659.55,438.1398148148148,54,45
2024-12-17,37,15426.96,416.9448648648648,37,33
2024-12-18,39,18261.32,468.23897435897436,39,37
2024-12-19,56,27377.3,488.8803571428571,55,51
2024-12-20,42,19355.5,460.8452380952381,42,40
2024-12-21,34,17570.829999999998,516.7891176470588,34,31
2024-12-22,44,23790.9,540.7022727272728,43,40
2024-12-23,43,22498.53,523.2216279069767,42,40
2024-12-24,45,23158.26,514.6279999999999,45,42
2024-12-25,56,23714.11,423.46625,56,45
2024-12-26,51,26360.04,516.8635294117647,51,47
2024-12-27,45,21843.83,485.4184444444445,45,40
2024-12-28,52,25584.65,492.01250000000005,52,46
2024-12-29,43,22926.26,533.1688372093023,43,37
2024-12-30,33,17549.71,531.8093939393939,33,33
2024-12-31,44,22512.19,511.6406818181818,44,39
2025-01-01,49,24462.91,499.2430612244898,48,46
2025-01-02,45,19767.26,439.27244444444443,45,40
2025-01-03,29,12071.94,416.27379310344827,29,29
2025-01-04,50,25916.82,518.3364,50,45
2025-01-05,48,24034.26,500.71374999999995,48,43
2025-01-06,39,16429.87,421.27871794871794,38,36
2025-01-07,35,16875.39,482.154,34,33
2025-01-08,57,28065.5,492.37719298245617,57,49
2025-01-09,38,19084.38,502.2205263157895,38,36
2025-01-10,43,22241.42,517.2423255813953,43,39
2025-01-11,47,22188.04,472.08595744680855,46,41
2025-01-12,48,25856.12,538.6691666666667,48,44
2025-01-13,45,23151.36,514.4746666666667,45,40
2025-01-14,58,26540.36,457.59241379310345,58,56
2025-01-15,40,18098.61,452.46525,39,37
2025-01-16,37,16824.77,454.7235135135135,37,35
2025-01-17,53,25474.53,480.65150943396225,52,47
2025-01-18,47,22313.55,474.75638297872337,47,43
2025-01-19,43,22469.46,522.5455813953488,43,40
2025-01-20,45,20611.760000000002,458.03911111111114,45,40
2025-01-21,46,17948.7,390.1891304347826,46,39
2025-01-22,47,23069.43,490.8389361702128,47,41
2025-01-23,52,21889.11,420.9444230769231,52,46
2025-01-24,40,19522.36,488.059,40,38
2025-01-25,41,24140.54,588.7936585365854,41,38
2025-01-26,40,16340.82,408.52049999999997,40,34
2025-01-27,47,23149.64,492.5455319148936,47,40
2025-01-28,47,21184.47,450.73340425531916,47,43
2025-01-29,57,25164.09,441.47526315789474,57,47
2025-01-30,62,28918.2,466.4225806451613,62,51
2025-01-31,46,23003.06,500.06652173913045,46,43
2025-02-01,34,17394.05,511.5897058823529,34,32
2025-02-02,55,28126.7,511.3945454545455,55,49
2025-02-03,41,21069.85,513.8987804878049,41,36
2025-02-04,44,19990.62,454.3322727272727,44,42
2025-02-05,31,12747.74,411.2174193548387,31,29
2025-02-06,51,24035.91,471.2923529411765,51,45
2025-02-07,51,22502.63,441.2280392156863,51,47
2025-02-08,55,30997.32,563.5876363636363,55,44
2025-02-09,49,23358.98,476.7138775510204,49,43
2025-02-10,60,27227.11,453.78516666666667,60,53
2025-02-11,43,19615.21,456.16767441860463,43,42
2025-02-12,39,18324.61,469.86179487179487,39,37
2025-02-13,47,22192.829999999998,472.1878723404255,47,42
2025-02-14,54,25259.83,467.77462962962966,54,51
2025-02-15,56,28112.9,502.0160714285715,56,53
2025-02-16,42,23690.84,564.067619047619,42,37
2025-02-17,59,25960.16,440.00271186440676,59,54
2025-02-18,38,19155.16,504.0831578947368,38,35
2025-02-19,50,23627.31,472.5462,50,45
2025-02-20,35,17086.95,488.1985714285714,35,30
2025-02-21,38,19690.12,518.161052631579,38,35
2025-02-22,51,25237.43,494.851568627451,51,46
2025-02-23,57,28693.76,503.39929824561403,57,52
2025-02-24,47,22891.37,487.05042553191487,47,44
2025-02-25,53,23695.96,447.09358490566035,53,50
2025-02-26,47,21596.32,459.49617021276595,47,44
2025-02-27,48,23892.85,497.7677083333333,47,47
2025-02-28,39,18964.14,486.26,39,34
2025-03-01,47,21763.88,463.0612765957447,47,42
2025-03-02,39,19982.16,512.363076923077,39,36
2025-03-03,43,20823.04,484.25674418604655,43,34
2025-03-04,63,30751.64,488.12126984126985,63,58
2025-03-05,50,23594.51,471.8902,50,46
2025-03-06,52,24168.35,464.7759615384615,52,51
2025-03-07,44,20978.79,476.79068181818184,42,39
2025-03-08,45,20664.12,459.20266666666663,45,40
2025-03-09,51,25677.63,503.4829411764706,51,43
2025-03-10,49,22212.86,453.32367346938776,49,47
2025-03-11,38,18714.86,492.4963157894737,37,32
2025-03-12,34,13787.3,405.50882352941176,34,31
2025-03-13,56,28651.35,511.63124999999997,55,47
2025-03-14,49,22885.57,467.0524489795918,49,44
2025-03-15,45,26417.93,587.0651111111112,45,40
2025-03-16,48,25899.9,539.5812500000001,47,42
2025-03-17,43,20875.94,485.486976744186,43,41
2025-03-18,44,20285.16,461.0263636363636,44,40
2025-03-19,56,27421.83,489.67553571428573,56,49
2025-03-20,51,25911.920000000002,508.0768627450981,51,48
2025-03-21,44,21940.5,498.64772727272725,43,39
2025-03-22,42,24133.32,574.6028571428571,41,38
2025-03-23,46,26192.04,569.3921739130435,46,39
2025-03-24,56,25348.26,452.6475,56,52
2025-03-25,60,28864.489999999998,481.0748333333333,59,51
2025-03-26,45,18920.0,420.44444444444446,45,40
2025-03-27,58,30069.49,518.4394827586207,58,49
2025-03-28,45,21171.260000000002,470.4724444444445,45,42
2025-03-29,53,27414.97,517.2635849056604,53,47
2025-03-30,46,22010.93,478.49847826086955,46,42
2025-03-31,44,20266.12,460.59363636363634,44,39
2025-04-01,43,17629.61,409.9909302325581,43,39
2025-04-02,49,21727.89,443.42632653061224,49,45
2025-04-03,43,18856.09,438.5137209302326,42,41
2025-04-04,40,18869.04,471.726,40,38
2025-04-05,42,20480.67,487.63499999999993,42,40
2025-04-06,49,23873.69,487.2181632653061,49,46
2025-04-07,53,24985.47,471.423962264151,53,47
2025-04-08,48,23322.48,485.885,48,40
2025-04-09,55,26266.27,477.5685454545455,55,47
2025-04-10,48,22421.34,467.11125,48,40
2025-04-11,61,27672.87,453.65360655737703,61,54
2025-04-12,52,28748.59,552.8575,52,46
2025-04-13,37,19036.35,514.4959459459459,37,35
2025-04-14,43,19286.59,448.5253488372093,43,38
2025-04-15,45,21674.88,481.66400000000004,45,40
2025-04-16,62,28374.56,457.6541935483871,62,56
2025-04-17,50,26144.93,522.8986,50,45
2025-04-18,42,20316.68,483.7304761904762,42,36
2025-04-19,51,29041.53,569.4417647058823,48,48
2025-04-20,40,19819.79,495.49475,40,30
2025-04-21,46,20925.19,454.8954347826087,46,39
2025-04-22,39,19466.1,499.1307692307692,39,36
2025-04-23,40,19231.06,480.77650000000006,40,35
2025-04-24,40,20622.12,515.553,40,37
2025-04-25,52,25450.54,489.43346153846153,52,47
2025-04-26,43,21357.91,496.6955813953488,43,37
2025-04-27,53,27303.23,515.1552830188679,53,44
2025-04-28,49,23493.61,479.4614285714286,49,46
2025-04-29,51,24448.54,479.38313725490195,51,47
2025-04-30,53,25173.71,474.97566037735845,53,50
2025-05-01,58,28123.28,484.88413793103445,58,55
2025-05-02,55,27912.8,507.50545454545454,55,50
2025-05-03,44,24853.52,564.8527272727273,44,38
2025-05-04,43,22306.11,518.7467441860465,43,39
2025-05-05,50,24630.32,492.6064,50,47
2025-05-06,46,19833.81,431.1697826086957,45,41
2025-05-07,33,15436.14,467.76181818181817,33,32
2025-05-08,44,21408.82,486.5640909090909,44,41
2025-05-09,47,22447.1,477.5978723404255,47,44
2025-05-10,50,24522.74,490.45480000000003,50,45
2025-05-11,43,19897.63,462.73558139534885,42,42
2025-05-12,52,25893.14,497.945,52,49
2025-05-13,56,26358.65,470.6901785714286,56,52
2025-05-14,51,23710.42,464.91019607843134,51,48
2025-05-15,40,16728.93,418.22325,39,36
2025-05-16,40,17147.239999999998,428.6809999999999,40,37
2025-05-17,48,27809.27,579.3597916666666,48,43
2025-05-18,53,26946.47,508.423962264151,53,48
2025-05-19,50,23304.48,466.0896,50,47
2025-05-20,40,20855.65,521.39125,40,39
2025-05-21,49,21740.06,443.674693877551,49,43
2025-05-22,46,23184.07,504.00152173913045,46,43
2025-05-23,40,20141.09,503.52725,40,38
2025-05-24,53,24758.06,467.13320754716983,53,47
2025-05-25,40,22301.45,557.53625,40,39
2025-05-26,59,29029.69,492.02864406779656,59,55
2025-05-27,32,16322.55,510.0796875,32,31
2025-05-28,45,20302.03,451.1562222222222,45,43
2025-05-29,38,16300.09,428.94973684210527,38,34
2025-05-30,50,23077.18,461.5436,50,44
2025-05-31,43,21281.03,494.90767441860464,43,40
2025-06-01,39,19761.4,506.70256410256417,39,36
2025-06-02,42,23994.3,571.2928571428571,42,39
2025-06-03,44,21469.55,487.9443181818182,44,42
2025-06-04,45,21884.86,486.33022222222223,45,41
2025-06-05,47,20485.93,435.8708510638298,47,40
2025-06-06,56,29940.33,534.6487500000001,56,50
2025-06-07,69,35630.5,516.3840579710145,69,58
2025-06-08,47,24498.03,521.2346808510638,46,39
2025-06-09,48,22524.09,469.251875,48,43
2025-06-10,44,20176.53,458.55749999999995,44,42
2025-06-11,50,25626.41,512.5282,50,43
2025-06-12,58,25427.54,438.4058620689655,58,50
2025-06-13,32,15354.64,479.8325,32,30
2025-06-14,51,27412.61,537.5021568627451,51,47
2025-06-15,47,25166.7,535.4617021276596,47,45
2025-06-16,45,21180.42,470.676,45,43
2025-06-17,52,23418.4,450.3538461538462,52,48
2025-06-18,40,20799.3,519.9825,40,38
2025-06-19,55,24706.510000000002,449.2092727272728,54,52
2025-06-20,46,18924.83,411.409347826087,46,40
2025-06-21,47,25821.27,549.3887234042553,47,45
2025-06-22,43,19852.59,461.6881395348837,43,40
2025-06-23,45,21718.52,482.63377777777777,45,40
2025-06-24,48,22666.47,472.21812500000004,48,40
2025-06-25,46,22276.83,484.2789130434783,46,43
2025-06-26,42,17399.01,414.2621428571428,42,36
2025-06-27,47,23481.52,499.6068085106383,47,38
2025-06-28,46,28023.51,609.2067391304347,46,40
2025-06-29,47,21422.48,455.79744680851064,47,43
2025-06-30,50,23111.05,462.221,50,43
