restaurant_id,name,cuisine_type,city,latitude,longitude,rating,avg_cost_for_two,join_date,is_active,preparation_time_mins,total_orders,total_revenue,avg_order_value,total_discount,unique_customers,avg_items_per_order,cancellation_rate,revenue_per_customer,revenue_tier
REST_001,Wang-Jacobs Cafe,Chinese,Bhopal,23.246033,77.411447,1.8,890,2020-02-25,True,22,282.0,134140.44,475.6753191489362,9036.67,277.0,3.3156028368794326,0.07540983606557378,484.26151624548737,Top
REST_002,"Buck, Lee and Ruiz Eatery",Korean,Chennai,13.095759,80.271853,1.3,938,2020-04-08,True,17,268.0,132767.82,495.40231343283585,6215.2,266.0,3.2574626865671643,0.0821917808219178,499.12714285714287,High
REST_003,Melendez Ltd Bites,Bakery,Coimbatore,11.021556,76.942716,1.2,393,2021-11-08,True,16,249.0,120782.67,485.07096385542167,7112.16,247.0,3.216867469879518,0.08455882352941177,488.9986639676113,Medium
REST_004,Martin Ltd Cafe,Italian,Chennai,13.075331,80.285092,1.4,620,2020-06-06,True,16,259.0,127146.54,490.91328185328183,7846.47,257.0,3.250965250965251,0.0912280701754386,494.7336186770428,High
REST_005,Mcgrath-Andrews Foods,Healthy,Bhopal,23.249119,77.403435,2.0,972,2024-03-02,True,35,274.0,136271.76,497.34218978102194,6067.08,270.0,3.0182481751824817,0.09868421052631579,504.7102222222223,Top
REST_006,"Hall, Reid and Kirby Bites",Bakery,Chennai,13.076327,80.268889,4.5,881,2024-05-16,True,25,283.0,137531.9,485.97844522968194,7039.33,281.0,3.3392226148409896,0.08709677419354839,489.4373665480427,Top
REST_007,"Garcia, Cook and Little Bites",Beverages,Surat,21.15092,72.843194,3.5,227,2020-10-22,True,14,261.0,129558.42,496.39241379310346,6637.92,258.0,3.2375478927203063,0.09375,502.16441860465113,High
REST_008,Roy-Jones Eatery,Italian,Lucknow,26.830691,80.936485,1.4,979,2020-01-31,False,23,0.0,0.0,0.0,0.0,0.0,0.0,0.0,0.0,Low
REST_009,Freeman and Sons Cafe,South Indian,Hyderabad,17.390063,78.474171,1.6,845,2021-12-22,True,20,253.0,120103.89,474.7189328063241,6655.68,250.0,3.5098814229249014,0.055970149253731345,480.41555999999997,Medium
REST_010,Thomas-Bailey Cafe,Healthy,Bangalore,12.979211,77.6055,4.1,318,2022-11-29,True,8,270.0,124536.29,461.2455185185185,8882.73,266.0,3.259259259259259,0.10299003322259136,468.1815413533834,Medium
REST_011,Bird-Cook Bites,Beverages,Kolkata,22.591607,88.346786,3.9,829,2019-08-29,True,11,274.0,133704.51,487.97266423357667,7158.12,269.0,3.397810218978102,0.10749185667752444,497.04278810408925,Top
REST_012,Reeves-Jordan Foods,Continental,Hyderabad,17.375307,78.502611,2.1,884,2021-07-10,True,21,231.0,110875.73,479.9815151515151,6082.17,229.0,3.29004329004329,0.10116731517509728,484.17349344978163,Low
REST_013,"Crawford, Stein and Thomas Foods",Beverages,Mumbai,19.095045,72.888947,4.9,310,2024-09-28,True,34,274.0,127475.24,465.23810218978105,7530.54,271.0,3.3248175182481754,0.06802721088435375,470.3883394833949,High
REST_014,"Turner, Wilson and Rodriguez Eatery",North Indian,Kolkata,22.590067,88.375885,1.4,446,2024-10-17,True,16,267.0,125367.34,469.54059925093634,6244.21,264.0,3.134831460674157,0.07291666666666667,474.8762878787879,Medium
REST_015,"Henderson, Reynolds and Martinez Bites",Fast Food,Lucknow,26.85011,80.965621,3.7,676,2019-01-23,True,14,248.0,122352.36,493.35629032258066,7424.78,243.0,3.310483870967742,0.07806691449814127,503.5076543209877,Medium
REST_016,Moore Inc Eatery,North Indian,Bhopal,23.242529,77.41227,3.1,793,2024-09-21,True,19,263.0,131639.49,500.53038022813683,8201.84,258.0,3.182509505703422,0.09621993127147767,510.2305813953488,High
REST_017,Frazier-Ochoa Bites,Italian,Pune,18.510027,73.842425,2.3,542,2021-04-04,True,14,248.0,121098.56,488.30064516129033,6385.3,243.0,3.4233870967741935,0.08487084870848709,498.3479835390946,Medium
REST_018,Malone-Hayes Kitchen,Italian,Bangalore,12.964291,77.61043,1.2,1188,2020-12-08,True,16,246.0,119407.32,485.3956097560976,5647.49,242.0,3.2154471544715446,0.08550185873605948,493.41867768595046,Low
REST_019,Raymond LLC Kitchen,Seafood,Kolkata,22.575419,88.373703,2.6,394,2023-07-12,True,18,279.0,130267.4,466.9082437275985,8373.5,277.0,3.272401433691756,0.08524590163934426,470.27942238267144,High
REST_020,"Lopez, Casey and Schmitt Foods",Beverages,Hyderabad,17.388198,78.472438,1.4,189,2023-11-13,True,11,248.0,118903.77,479.450685483871,6687.95,242.0,3.3346774193548385,0.07462686567164178,491.3378925619835,Low
REST_021,"Reed, Martin and Todd Eatery",North Indian,Bhopal,23.276899,77.39475,2.0,1063,2019-12-16,True,26,266.0,126394.14,475.16593984962407,8787.57,264.0,3.300751879699248,0.11333333333333333,478.7656818181818,High
REST_022,"Walker, Morrow and Holland Foods",Japanese,Coimbatore,11.004963,76.963673,1.8,474,2022-04-21,True,10,264.0,127268.14,482.07628787878787,7573.66,260.0,3.390151515151515,0.0896551724137931,489.49284615384613,High
REST_023,Mcdaniel-Jackson Cafe,North Indian,Chandigarh,30.715868,76.768966,1.5,267,2023-11-27,False,10,0.0,0.0,0.0,0.0,0.0,0.0,0.0,0.0,Low
REST_024,"Liu, Strong and Kelly Cafe",North Indian,Jaipur,26.903755,75.782102,1.5,694,2022-11-14,False,20,0.0,0.0,0.0,0.0,0.0,0.0,0.0,0.0,Low
REST_025,Martinez PLC Cafe,Seafood,Bangalore,12.985888,77.606622,3.6,1045,2024-07-14,True,25,267.0,133049.88,498.3141573033708,6920.45,265.0,3.404494382022472,0.1188118811881188,502.07501886792454,High
REST_026,Rogers LLC Foods,Bakery,Kolkata,22.570316,88.37963,1.2,166,2023-12-03,True,19,271.0,134495.24,496.2923985239852,7596.82,269.0,3.2767527675276753,0.08135593220338982,499.98230483271374,Top
REST_027,Brown-Barrett Kitchen,Street Food,Surat,21.176671,72.823803,3.3,457,2019-04-05,True,17,244.0,118062.58,483.86303278688524,6530.54,241.0,3.4508196721311477,0.08614232209737828,489.88622406639007,Low
REST_028,"Harris, Garcia and Brown Kitchen",Street Food,Ahmedabad,23.017374,72.565163,3.8,1003,2019-02-15,True,16,270.0,131833.5,488.27222222222224,8782.25,266.0,3.2333333333333334,0.06896551724137931,495.6146616541353,High
REST_029,Wells Ltd Eatery,Healthy,Bhopal,23.251257,77.42847,1.0,975,2022-11-28,True,14,272.0,136859.05,503.1582720588235,7671.03,268.0,3.3823529411764706,0.058823529411764705,510.6680970149253,Top
REST_030,Castillo Inc Cafe,Continental,Mumbai,19.072933,72.885983,1.6,197,2022-07-21,True,28,248.0,115114.13,464.1698790322581,7201.68,244.0,3.1129032258064515,0.06766917293233082,471.77922131147545,Low
REST_031,Finley LLC Kitchen,Seafood,Ahmedabad,23.042469,72.579583,4.9,369,2024-12-12,True,21,265.0,127183.44,479.93750943396225,7241.11,264.0,3.2754716981132077,0.06690140845070422,481.75545454545454,High
REST_032,Navarro-Wilson Foods,Chinese,Jaipur,26.903452,75.768336,3.9,340,2021-07-21,True,15,259.0,126711.63,489.23409266409266,7881.25,255.0,3.2084942084942085,0.08480565371024736,496.9083529411765,High
REST_033,"Hill, Ross and Patrick Foods",Beverages,Jaipur,26.913635,75.779047,1.3,656,2020-04-05,False,13,0.0,0.0,0.0,0.0,0.0,0.0,0.0,0.0,Low
REST_034,Anderson and Sons Eatery,Continental,Jaipur,26.931838,75.770794,3.9,1133,2023-01-06,True,23,247.0,123279.11,499.1057085020243,8478.53,245.0,3.299595141700405,0.08178438661710037,503.18004081632654,Medium
REST_035,King-Camacho Foods,Seafood,Surat,21.162518,72.822554,1.9,423,2022-01-05,True,28,257.0,117763.62,458.2242023346303,6891.87,255.0,3.272373540856031,0.13175675675675674,461.8181176470588,Low
REST_036,"Hatfield, Cardenas and Garcia Eatery",Fast Food,Kolkata,22.57449,88.370254,1.7,302,2020-04-30,True,27,266.0,129141.14,485.493007518797,6760.16,261.0,3.244360902255639,0.10738255033557047,494.7936398467433,High
REST_037,"Taylor, Garrison and Allen Cafe",Chinese,Jaipur,26.919822,75.771876,4.3,861,2021-11-24,True,12,265.0,138428.04,522.369962264151,6884.14,259.0,3.358490566037736,0.0798611111111111,534.4711969111969,Top
REST_038,"Durham, Ellis and Phillips Bites",Beverages,Delhi,28.686464,77.114199,1.9,863,2023-11-29,False,15,0.0,0.0,0.0,0.0,0.0,0.0,0.0,0.0,Low
REST_039,"Doyle, Peters and Baker Eatery",Seafood,Chennai,13.088818,80.262136,2.6,916,2022-10-10,True,14,269.0,130050.34,483.4585130111524,7340.7,268.0,3.2899628252788102,0.06597222222222222,485.2624626865672,High
REST_040,"Robles, Marshall and Garcia Kitchen",Continental,Kolkata,22.577648,88.355189,2.0,514,2019-05-22,True,16,263.0,133161.57,506.31775665399243,6763.34,261.0,3.197718631178707,0.04363636363636364,510.1975862068966,High
REST_041,Lopez-Schmitt Kitchen,Fast Food,Hyderabad,17.398277,78.49576,1.0,283,2023-04-08,True,26,269.0,131397.6,488.4669144981413,8612.789999999999,266.0,3.159851301115242,0.08503401360544217,493.97593984962407,High
REST_042,Morrison-Collins Eatery,Japanese,Bhopal,23.264037,77.4121,1.6,432,2023-10-09,True,32,284.0,144973.9,510.4714788732394,7246.36,281.0,3.2253521126760565,0.06578947368421052,515.9213523131673,Top
REST_043,Graham-Murray Bites,Healthy,Indore,22.721673,75.857322,3.9,350,2020-06-09,True,21,283.0,137624.2,486.304593639576,8324.39,276.0,3.282685512367491,0.08116883116883117,498.6384057971015,Top
REST_044,Merritt-Banks Eatery,North Indian,Chandigarh,30.724662,76.760415,4.6,1049,2019-09-21,True,13,266.0,131453.75,494.187030075188,7398.98,262.0,3.330827067669173,0.06666666666666667,501.73187022900765,High
REST_045,"Leach, Gonzalez and Wilkerson Foods",Street Food,Chennai,13.086081,80.270738,4.4,420,2023-11-16,True,18,293.0,139368.94,475.66191126279864,8760.42,291.0,3.3139931740614332,0.06687898089171974,478.9310652920962,Top
REST_046,Douglas-Lopez Foods,Korean,Indore,22.720611,75.87281,4.3,164,2024-04-10,True,35,240.0,118196.85,492.486875,6670.6900000000005,236.0,3.3333333333333335,0.058823529411764705,500.83411016949157,Low
REST_047,Daniels-Lopez Bites,North Indian,Kolkata,22.571847,88.350471,4.7,175,2019-03-29,True,19,261.0,130994.4,501.8942528735632,6763.82,257.0,3.0727969348659006,0.09059233449477352,509.7058365758755,High
REST_048,"Williams, Carter and Garcia Kitchen",Street Food,Jaipur,26.892964,75.771546,4.2,979,2020-01-06,True,16,257.0,124812.85,485.653112840467,6682.84,255.0,3.272373540856031,0.08540925266903915,489.46215686274513,Medium
REST_049,"Torres, Jensen and Kaufman Foods",Street Food,Pune,18.529269,73.873288,3.5,169,2019-11-01,True,16,258.0,125157.89,485.1081007751938,6671.9,254.0,3.441860465116279,0.08185053380782918,492.7475984251968,Medium
REST_050,Huynh-Reyes Cafe,North Indian,Surat,21.153874,72.834226,1.1,541,2021-06-11,True,21,272.0,138881.24,510.59279411764703,7008.37,267.0,3.1066176470588234,0.058823529411764705,520.154456928839,Top
REST_051,Garcia-Bryant Bites,Healthy,Chandigarh,30.744284,76.779452,1.4,725,2019-09-07,True,12,240.0,113604.75,473.353125,6795.84,233.0,3.379166666666667,0.08396946564885496,487.57403433476395,Low
REST_052,Miller-Johnson Foods,Beverages,Bangalore,12.962498,77.579861,3.3,782,2020-06-08,True,14,275.0,136431.33,496.1139272727272,8177.08,272.0,3.2763636363636364,0.08333333333333333,501.58577205882347,Top
REST_053,Jones and Sons Eatery,Seafood,Pune,18.527822,73.865794,3.4,729,2023-05-14,True,27,246.0,119242.13,484.72410569105693,7407.32,241.0,3.138211382113821,0.0989010989010989,494.780622406639,Low
REST_054,Jones PLC Cafe,Healthy,Chandigarh,30.74636,76.77835,3.1,735,2020-08-15,True,21,265.0,126360.77,476.8330943396227,5473.32,262.0,3.237735849056604,0.07665505226480836,482.2930152671756,Medium
REST_055,"Stewart, Morris and Prince Kitchen",Korean,Delhi,28.708192,77.084496,2.4,1018,2024-07-15,True,19,276.0,135720.74,491.7418115942029,8035.05,273.0,3.2427536231884058,0.08,497.1455677655677,Top
REST_056,"Kelly, Nunez and Alexander Bites",Italian,Pune,18.510697,73.871427,3.5,986,2020-10-10,True,27,282.0,130410.32,462.4479432624114,7719.61,282.0,3.3652482269503547,0.0932475884244373,462.4479432624114,High
REST_057,Smith Inc Eatery,Fast Food,Coimbatore,11.011362,76.946833,1.9,1145,2020-05-30,True,13,257.0,129696.19,504.65443579766537,6309.35,253.0,3.357976653696498,0.07885304659498207,512.633162055336,High
REST_058,Garrett-Sanders Bites,Beverages,Coimbatore,10.997134,76.954902,1.2,1195,2020-09-22,True,15,272.0,134147.42,493.1890441176471,8700.539999999999,268.0,3.2316176470588234,0.06529209621993128,500.5500746268657,Top
REST_059,Wise-Mason Eatery,Italian,Bangalore,12.979037,77.601528,2.5,286,2021-12-25,True,20,278.0,132985.08,478.3635971223021,7270.91,274.0,3.3129496402877696,0.07947019867549669,485.34700729927005,High
REST_060,Hebert LLC Bites,Continental,Surat,21.189435,72.834737,1.7,963,2021-12-04,True,20,287.0,147775.59,514.8975261324042,6318.78,282.0,3.1846689895470384,0.07419354838709677,524.026914893617,Top
REST_061,"Cardenas, Phelps and Singleton Bites",Desserts,Ahmedabad,23.032994,72.58255,4.5,463,2024-05-13,True,9,261.0,123826.78,474.43210727969347,7550.23,259.0,3.3869731800766285,0.07773851590106007,478.0956756756757,Medium
REST_062,Carter Ltd Bites,Bakery,Delhi,28.688333,77.107058,4.8,611,2020-06-19,True,15,257.0,126004.57,490.29015564202336,6852.7699999999995,252.0,3.1206225680933852,0.07220216606498195,500.01813492063496,Medium
REST_063,Blankenship-Lopez Bites,Fast Food,Jaipur,26.901272,75.785272,4.7,233,2019-07-04,True,17,281.0,139537.22,496.5737366548043,7314.07,278.0,3.213523131672598,0.08169934640522876,501.9324460431655,Top
REST_064,Goodman and Sons Bites,Healthy,Chennai,13.073555,80.282788,4.3,345,2019-12-07,True,21,256.0,122027.68,476.670625,6003.88,253.0,3.32421875,0.06569343065693431,482.3228458498023,Medium
REST_065,Fox-Sanders Kitchen,Korean,Jaipur,26.913557,75.770123,2.4,934,2022-09-16,True,20,254.0,123572.58,486.50622047244093,7032.5,252.0,3.295275590551181,0.06273062730627306,490.367380952381,Medium
REST_066,Andrade-Sloan Cafe,Korean,Hyderabad,17.393561,78.470603,3.3,358,2019-07-17,True,17,243.0,113034.41,465.1621810699589,6055.37,241.0,3.230452674897119,0.06177606177606178,469.0224481327801,Low
REST_067,Harvey Group Kitchen,Mughlai,Mumbai,19.093446,72.882085,1.2,1151,2022-11-01,False,8,0.0,0.0,0.0,0.0,0.0,0.0,0.0,0.0,Low
REST_068,"Stanley, Garcia and Berry Cafe",Desserts,Chennai,13.091259,80.286046,1.8,151,2023-10-31,True,18,247.0,122183.76,494.6710931174089,6472.46,243.0,3.2550607287449393,0.08518518518518518,502.8138271604938,Medium
REST_069,"Burns, Wright and Crawford Bites",Bakery,Coimbatore,11.033166,76.940785,1.9,234,2022-07-01,True,18,279.0,136152.12,488.0004301075269,7929.29,270.0,3.326164874551971,0.07308970099667775,504.2671111111111,Top
REST_070,Gonzalez-Tanner Kitchen,Fast Food,Surat,21.166589,72.827774,3.0,769,2024-06-22,True,50,259.0,122798.68,474.1261776061776,6702.93,258.0,3.250965250965251,0.0912280701754386,475.9638759689922,Medium
REST_071,"Patton, Kirk and Morris Eatery",Beverages,Delhi,28.711812,77.097011,2.2,313,2024-01-12,True,16,249.0,123577.91,496.29682730923696,5482.01,248.0,3.1927710843373496,0.07777777777777778,498.29802419354843,Medium
REST_072,Thompson-Lawson Eatery,Seafood,Lucknow,26.866135,80.961261,3.5,482,2023-05-24,True,20,245.0,121073.83,494.1788979591837,8231.47,243.0,3.2081632653061223,0.06130268199233716,498.24621399176954,Medium
REST_073,Kane and Sons Bites,Desserts,Pune,18.508139,73.83804,3.9,1035,2021-06-16,True,30,259.0,126909.86,489.99945945945944,7353.09,255.0,3.1505791505791505,0.07829181494661921,497.6857254901961,High
REST_074,Lozano Inc Kitchen,Desserts,Coimbatore,11.018063,76.972398,4.7,616,2022-02-03,True,25,272.0,130843.32,481.04161764705884,7640.4,268.0,3.1654411764705883,0.05226480836236934,488.22134328358214,High
REST_075,"Jefferson, Harvey and Rangel Eatery",North Indian,Coimbatore,11.005384,76.937722,4.6,214,2024-07-15,True,33,266.0,128960.99,484.8157518796993,6972.13,263.0,3.338345864661654,0.06338028169014084,490.34596958174905,High
REST_076,Brown-Lopez Bites,Healthy,Jaipur,26.915336,75.803209,4.0,1190,2022-03-20,True,9,308.0,153041.24,496.8871428571428,10339.24,304.0,3.2987012987012987,0.06948640483383686,503.42513157894734,Top
REST_077,Miller-Martin Kitchen,Italian,Jaipur,26.898224,75.792812,4.7,1089,2022-03-04,True,11,268.0,132907.83,495.9247388059701,6609.16,261.0,3.294776119402985,0.056338028169014086,509.22540229885055,High
REST_078,Adams PLC Kitchen,Desserts,Indore,22.702989,75.844241,3.3,583,2020-12-03,True,14,288.0,139040.6,482.77986111111113,8254.61,286.0,3.267361111111111,0.046357615894039736,486.1559440559441,Top
REST_079,Parker Ltd Kitchen,Desserts,Coimbatore,11.013123,76.965703,1.2,1120,2022-08-17,False,9,0.0,0.0,0.0,0.0,0.0,0.0,0.0,0.0,Low
REST_080,Kelly and Sons Kitchen,Healthy,Surat,21.187102,72.840626,2.9,844,2020-11-10,True,18,262.0,125570.59,479.27706106870227,7220.12,258.0,3.2977099236641223,0.08070175438596491,486.70771317829457,Medium
REST_081,Kline Ltd Foods,Korean,Mumbai,19.088666,72.886472,3.1,562,2021-09-30,True,12,269.0,132582.8,492.8728624535316,7405.85,265.0,3.2527881040892193,0.06920415224913495,500.31245283018865,High
REST_082,Green-Adams Kitchen,Mughlai,Surat,21.183306,72.832392,2.6,903,2023-06-06,True,35,259.0,130282.74,503.0221621621622,8295.38,258.0,2.9922779922779923,0.0912280701754386,504.9718604651163,High
REST_083,Ortiz and Sons Cafe,South Indian,Hyderabad,17.392547,78.503209,3.0,967,2023-05-23,True,12,265.0,130105.83,490.9653962264151,8460.51,263.0,3.0339622641509436,0.08620689655172414,494.6989733840304,High
REST_084,Richmond Inc Kitchen,South Indian,Hyderabad,17.366342,78.471064,3.5,188,2021-09-10,True,15,275.0,137002.72,498.1917090909091,8584.48,272.0,3.341818181818182,0.08940397350993377,503.6864705882353,Top
REST_085,"Peterson, Wright and Becker Cafe",Beverages,Pune,18.523112,73.849288,2.9,376,2024-12-27,True,26,277.0,131251.07,473.8305776173286,7019.01,275.0,3.2635379061371843,0.07357859531772576,477.2766181818182,High
REST_086,Rose Inc Foods,Desserts,Ahmedabad,23.005735,72.578534,2.9,993,2020-04-26,True,10,264.0,128786.98,487.8294696969697,8285.75,260.0,3.2045454545454546,0.0896551724137931,495.33453846153844,High
REST_087,"Le, Shea and Phillips Cafe",Desserts,Jaipur,26.927405,75.806403,4.0,190,2024-06-04,True,9,260.0,121959.34,469.0743846153846,6148.36,256.0,3.0076923076923077,0.0812720848056537,476.403671875,Medium
REST_088,"Cruz, Watson and Perry Eatery",Korean,Bhopal,23.246413,77.394213,3.9,945,2019-11-11,True,19,270.0,130899.54,484.8131111111111,7423.76,264.0,3.3555555555555556,0.09090909090909091,495.8315909090909,High
REST_089,Blackwell and Sons Eatery,South Indian,Jaipur,26.930426,75.771012,2.3,924,2019-10-13,True,20,290.0,138246.53,476.7121724137931,8334.01,283.0,3.282758620689655,0.08517350157728706,488.5036395759717,Top
REST_090,Acevedo PLC Eatery,Fast Food,Kolkata,22.588737,88.34508,3.6,241,2023-10-12,True,25,276.0,141600.18,513.0441304347826,8095.41,274.0,3.4347826086956523,0.11254019292604502,516.7889781021897,Top
REST_091,"Moore, Perkins and Schroeder Eatery",Continental,Jaipur,26.932078,75.768204,1.4,258,2023-08-19,True,23,266.0,131044.28,492.64766917293235,6642.07,264.0,3.1315789473684212,0.0763888888888889,496.3798484848485,High
REST_092,"Mack, Collins and Delgado Kitchen",Mughlai,Lucknow,26.832174,80.965358,1.0,1103,2024-02-15,True,20,268.0,123878.21,462.23212686567166,7349.88,265.0,3.1902985074626864,0.056338028169014086,467.46494339622643,Medium
REST_093,Patel Inc Eatery,North Indian,Kolkata,22.574507,88.370631,1.2,830,2019-04-07,True,13,259.0,126977.64,490.2611583011583,7212.38,255.0,3.0694980694980694,0.08156028368794327,497.9515294117647,High
REST_094,"Schroeder, Rodriguez and Hays Kitchen",Bakery,Kolkata,22.562637,88.345795,1.8,1154,2020-04-30,False,20,0.0,0.0,0.0,0.0,0.0,0.0,0.0,0.0,Low
REST_095,Baker-Mullen Eatery,Korean,Lucknow,26.84571,80.941252,4.9,602,2023-10-10,True,20,264.0,131687.53,498.8164015151515,7589.36,261.0,3.102272727272727,0.06713780918727916,504.5499233716475,High
REST_096,"Stone, Johnson and Lee Foods",Japanese,Coimbatore,11.002256,76.971401,2.3,321,2024-01-05,True,13,274.0,133045.47,485.5674087591241,8182.85,270.0,3.295620437956204,0.08053691275167785,492.761,High
REST_097,Brooks-Cook Bites,Beverages,Ahmedabad,23.012115,72.552983,2.1,636,2020-01-11,True,40,259.0,131717.82,508.5630115830116,8358.41,256.0,3.370656370656371,0.07168458781362007,514.522734375,High
REST_098,Arroyo-Barnes Foods,Bakery,Coimbatore,11.001371,76.945945,1.5,649,2023-05-17,True,22,248.0,114814.95,462.96350806451613,8624.11,243.0,3.1975806451612905,0.1079136690647482,472.48950617283947,Low
REST_099,Owens-Thomas Foods,Beverages,Delhi,28.705459,77.091185,3.5,408,2019-10-24,True,11,302.0,149668.0,495.58940397350995,8240.04,293.0,3.165562913907285,0.06790123456790123,510.8122866894198,Top
REST_100,"Guzman, Garcia and Smith Eatery",Seafood,Jaipur,26.931379,75.780153,1.3,608,2020-11-13,True,25,263.0,125895.84,478.69140684410644,7743.1,260.0,3.08745247148289,0.07719298245614035,484.2147692307692,Medium
REST_101,"Chen, Johnson and Rivera Bites",Seafood,Mumbai,19.063683,72.889631,2.9,639,2022-08-07,True,27,278.0,137666.47,495.2031294964029,7475.01,272.0,3.1906474820143886,0.07023411371237458,506.12672794117645,Top
REST_102,Reid Ltd Cafe,North Indian,Jaipur,26.900288,75.775353,3.9,317,2022-02-01,True,21,250.0,117774.61,471.09844,7264.46,249.0,3.2,0.06367041198501873,472.9904016064257,Low
REST_103,Collier-Brown Eatery,Continental,Hyderabad,17.404805,78.500311,3.2,1019,2019-07-18,True,16,262.0,127966.85,488.4230916030535,8161.79,262.0,3.0916030534351147,0.06428571428571428,488.4230916030535,High
REST_104,Cunningham-Myers Kitchen,Street Food,Kolkata,22.556195,88.36899,5.0,173,2020-04-09,False,13,0.0,0.0,0.0,0.0,0.0,0.0,0.0,0.0,Low
REST_105,"Taylor, Ellis and Glover Bites",Continental,Chandigarh,30.751592,76.797302,4.7,1094,2019-01-04,True,17,272.0,138290.38,508.4205147058824,6430.1,271.0,3.2573529411764706,0.07796610169491526,510.2966051660517,Top
REST_106,Ramirez PLC Bites,Beverages,Indore,22.71157,75.853158,3.6,937,2019-02-16,True,21,257.0,125272.79,487.4427626459144,7122.1,256.0,3.2840466926070038,0.10139860139860139,489.3468359375,Medium
REST_107,Allen-Morales Kitchen,North Indian,Lucknow,26.826847,80.928484,4.7,875,2021-07-23,True,18,267.0,131188.98,491.3444943820225,8061.79,266.0,3.2397003745318353,0.05985915492957746,493.1916541353384,High
REST_108,Wolf-Williams Cafe,North Indian,Kolkata,22.556096,88.348253,4.5,562,2021-09-27,True,34,276.0,134382.73,486.89394927536233,7725.22,272.0,3.402173913043478,0.09210526315789473,494.0541544117647,Top
REST_109,"Davis, Roberts and Perkins Bites",Beverages,Bangalore,12.977504,77.600711,1.8,702,2024-06-02,True,24,221.0,109193.73,494.08927601809955,7222.35,219.0,3.425339366515837,0.10887096774193548,498.60150684931506,Low
REST_110,Cooper Group Cafe,Continental,Chandigarh,30.715212,76.79166,2.0,508,2023-03-30,True,12,275.0,137781.15,501.0223636363636,9202.32,270.0,3.1854545454545455,0.08940397350993377,510.30055555555555,Top
REST_111,"Graves, Richardson and Kennedy Eatery",Japanese,Chennai,13.081892,80.257705,2.6,1106,2022-09-10,True,11,284.0,140781.85,495.71073943661975,8344.36,280.0,3.2816901408450705,0.06885245901639345,502.7923214285714,Top
REST_112,"Adams, Escobar and Mills Foods",Beverages,Mumbai,19.05808,72.890735,1.2,861,2022-10-29,False,22,0.0,0.0,0.0,0.0,0.0,0.0,0.0,0.0,Low
REST_113,Allen-Hamilton Cafe,Desserts,Pune,18.50186,73.866937,2.8,686,2021-06-15,True,16,274.0,131165.41,478.70587591240877,8938.32,271.0,3.2554744525547443,0.0711864406779661,484.00520295202955,High
REST_114,Reynolds PLC Foods,Bakery,Kolkata,22.585158,88.371531,1.4,975,2021-03-18,True,25,266.0,124906.95,469.575,7294.400000000001,262.0,3.3233082706766917,0.06993006993006994,476.74408396946563,Medium
REST_115,Palmer LLC Bites,Fast Food,Bhopal,23.276726,77.413057,2.2,875,2023-05-11,True,22,261.0,125821.43,482.0744444444444,6434.89,260.0,3.160919540229885,0.06785714285714285,483.9285769230769,Medium
REST_116,"Morris, Roberts and Barton Eatery",Fast Food,Coimbatore,11.017728,76.955774,4.0,345,2024-12-17,True,17,270.0,125674.39,465.4607037037037,7345.74,266.0,3.1,0.07849829351535836,472.4601127819549,Medium
REST_117,Johnson LLC Eatery,Fast Food,Surat,21.158152,72.823818,1.8,673,2023-09-21,True,12,285.0,139107.97,488.0981403508772,8422.15,282.0,3.1824561403508773,0.06557377049180328,493.29067375886524,Top
REST_118,"Wilson, Thompson and Horton Kitchen",Desserts,Pune,18.501987,73.860669,4.5,601,2021-06-12,True,9,270.0,129574.77,479.9065555555556,6819.94,266.0,3.3444444444444446,0.07849829351535836,487.1231954887218,High
REST_119,"Nunez, Morris and Shaw Foods",Bakery,Mumbai,19.079556,72.861231,3.8,557,2021-12-11,True,20,263.0,126188.58,479.8044866920152,6155.01,259.0,3.467680608365019,0.060714285714285714,487.2145945945946,Medium
REST_120,"Johns, Khan and Smith Eatery",Beverages,Delhi,28.709017,77.10554,4.8,1153,2020-05-23,False,10,0.0,0.0,0.0,0.0,0.0,0.0,0.0,0.0,Low
REST_121,"Johnson, Ramirez and Santana Eatery",South Indian,Chandigarh,30.731298,76.791458,3.4,743,2020-10-08,True,12,227.0,109304.78,481.51885462555066,6024.22,223.0,3.3348017621145374,0.0846774193548387,490.15596412556056,Low
REST_122,Davis-Wilson Bites,Italian,Chandigarh,30.742826,76.791458,3.8,787,2023-08-08,True,19,231.0,105917.95,458.51926406926407,5969.2300000000005,229.0,3.2987012987012987,0.09765625,462.5237991266375,Low
REST_123,"Jones, Turner and West Foods",Chinese,Indore,22.71494,75.863752,2.8,922,2019-03-20,True,18,275.0,137191.86,498.87949090909086,9130.36,274.0,3.370909090909091,0.09539473684210527,500.70021897810216,Top
REST_124,"Park, Lin and Bautista Eatery",South Indian,Surat,21.153327,72.848449,2.1,1034,2022-01-15,True,11,268.0,130352.34,486.38932835820896,6495.45,262.0,3.3134328358208953,0.05964912280701754,497.52801526717553,High
REST_125,"Gray, Stephens and Brown Bites",Italian,Kolkata,22.553612,88.363321,1.7,377,2020-03-08,True,29,271.0,134234.83,495.3314760147601,8008.78,267.0,3.1365313653136533,0.0782312925170068,502.75217228464413,Top
REST_126,Crawford and Sons Foods,Mughlai,Mumbai,19.086228,72.858489,2.5,936,2024-09-18,True,28,265.0,127480.12,481.05705660377356,7260.16,260.0,3.2226415094339624,0.06028368794326241,490.3081538461538,High
REST_127,Whitaker PLC Bites,Chinese,Surat,21.159901,72.849014,4.2,311,2022-01-01,True,22,240.0,116342.64,484.761,7087.22,239.0,3.3916666666666666,0.06614785992217899,486.78928870292884,Low
REST_128,"Wilson, Orozco and Santiago Kitchen",Continental,Lucknow,26.83319,80.929762,3.4,241,2021-09-01,True,22,274.0,132153.46,482.31189781021897,7894.61,268.0,3.0985401459854014,0.06802721088435375,493.1099253731343,High
REST_129,Moore and Sons Foods,Continental,Jaipur,26.918966,75.791712,5.0,1145,2022-03-19,True,22,251.0,120356.81,479.509203187251,6373.08,249.0,3.3824701195219125,0.10357142857142858,483.3606827309237,Medium
REST_130,Espinoza-Mata Bites,Desserts,Surat,21.157333,72.812745,2.6,491,2021-01-23,False,27,0.0,0.0,0.0,0.0,0.0,0.0,0.0,0.0,Low
REST_131,"Rios, Foster and Carey Bites",Continental,Lucknow,26.853905,80.929939,4.1,283,2021-12-05,True,24,286.0,132387.15,462.89213286713283,9287.91,282.0,3.262237762237762,0.06229508196721312,469.4579787234042,High
REST_132,Ramirez-Cole Eatery,South Indian,Mumbai,19.084637,72.882781,4.3,175,2020-02-27,True,12,272.0,131525.33,483.54900735294115,9300.72,267.0,3.202205882352941,0.09634551495016612,492.6042322097378,High
REST_133,Davis-Hardy Eatery,Seafood,Delhi,28.717954,77.106687,1.7,418,2021-10-18,True,16,258.0,120970.98,468.87976744186045,6667.150000000001,256.0,3.437984496124031,0.07194244604316546,472.542890625,Medium
REST_134,"Butler, Diaz and Patel Eatery",Bakery,Delhi,28.704397,77.119918,1.5,876,2020-01-29,True,47,266.0,122760.19,461.50447368421055,7617.84,263.0,3.281954887218045,0.07958477508650519,466.768783269962,Medium
REST_135,"Barron, Rodriguez and Myers Eatery",Beverages,Surat,21.187593,72.846335,3.7,197,2021-08-26,True,8,272.0,133878.5,492.20036764705884,6952.61,267.0,3.224264705882353,0.06206896551724138,501.4176029962547,Top
REST_136,"Cross, Smith and Salazar Bites",Korean,Kolkata,22.589979,88.346922,2.4,197,2021-06-16,True,14,233.0,112098.32,481.108669527897,6706.3099999999995,232.0,3.2618025751072963,0.07905138339920949,483.1824137931035,Low
REST_137,"Hudson, Powell and Friedman Cafe",Bakery,Pune,18.51134,73.849531,2.2,417,2023-06-15,True,29,230.0,113303.83,492.62534782608697,6174.61,227.0,3.2956521739130435,0.08366533864541832,499.13581497797355,Low
REST_138,"Peterson, Finley and Vargas Foods",South Indian,Bangalore,12.977897,77.597498,1.2,1132,2021-05-17,True,13,252.0,117446.78,466.05865079365077,6143.65,249.0,3.138888888888889,0.07692307692307693,471.6738152610442,Low
REST_139,Pacheco-Nelson Kitchen,Desserts,Bhopal,23.256174,77.409097,3.8,1136,2023-01-12,True,24,289.0,143356.0,496.0415224913495,9171.62,283.0,3.4013840830449826,0.07371794871794872,506.5583038869258,Top
REST_140,Hill PLC Cafe,Chinese,Indore,22.737584,75.871841,3.9,208,2019-03-16,True,18,280.0,131276.92,468.8461428571429,7202.82,275.0,3.2392857142857143,0.09090909090909091,477.3706181818182,High
REST_141,Johnson-Cortez Cafe,Korean,Indore,22.73493,75.869294,3.5,423,2021-01-19,True,13,282.0,132724.08,470.6527659574468,7040.47,278.0,3.3226950354609928,0.06622516556291391,477.42474820143883,High
REST_142,Atkins-Thompson Cafe,Italian,Bangalore,12.965164,77.579561,2.6,380,2023-02-05,True,7,272.0,133547.91,490.9849632352941,7158.47,264.0,3.3823529411764706,0.0903010033444816,505.8632954545455,Top
REST_143,Raymond-Young Foods,Italian,Mumbai,19.061432,72.876707,4.5,1061,2022-10-14,False,19,0.0,0.0,0.0,0.0,0.0,0.0,0.0,0.0,Low
REST_144,Adams Inc Bites,Seafood,Pune,18.515628,73.870145,4.8,579,2020-01-16,True,12,258.0,126676.94,490.9958914728682,6572.25,257.0,3.503875968992248,0.1103448275862069,492.9063813229572,High
REST_145,Harris Ltd Kitchen,Italian,Indore,22.724706,75.855688,1.5,386,2021-10-02,False,17,0.0,0.0,0.0,0.0,0.0,0.0,0.0,0.0,Low
REST_146,Clark-Suarez Eatery,Seafood,Chandigarh,30.727604,76.78783,3.0,234,2024-09-04,True,22,244.0,119638.84,490.32311475409836,7481.55,242.0,3.069672131147541,0.06870229007633588,494.37537190082645,Low
REST_147,Stevens-Neal Bites,Street Food,Coimbatore,11.006001,76.951284,1.7,1011,2021-12-15,True,26,303.0,142611.89,470.6663036303631,9298.16,298.0,3.283828382838284,0.07339449541284404,478.563389261745,Top
REST_148,Rivera-Wood Bites,Healthy,Bangalore,12.983504,77.597584,1.8,915,2023-04-25,True,14,248.0,118475.2,477.72258064516126,6019.42,246.0,3.193548387096774,0.10469314079422383,481.6065040650406,Low
REST_149,"Phillips, Estrada and Moore Cafe",Healthy,Indore,22.708433,75.856616,2.9,582,2024-03-05,False,13,0.0,0.0,0.0,0.0,0.0,0.0,0.0,0.0,Low
REST_150,Robinson-Shah Cafe,Mughlai,Coimbatore,11.010123,76.969075,1.5,458,2019-02-20,True,10,269.0,126302.74,469.5269144981413,7421.39,266.0,3.3680297397769516,0.06920415224913495,474.8223308270677,Medium
REST_151,Mcclure PLC Kitchen,Desserts,Kolkata,22.563508,88.366159,1.6,768,2022-07-12,True,27,269.0,126099.41,468.7710408921933,7861.93,266.0,3.386617100371747,0.06597222222222222,474.0579323308271,Medium
REST_152,Smith-Sanders Kitchen,South Indian,Chandigarh,30.736534,76.784767,3.8,486,2020-06-23,True,44,267.0,130596.78,489.12651685393257,6458.97,260.0,3.2134831460674156,0.07291666666666667,502.2953076923077,High
REST_153,Cook LLC Foods,Mughlai,Chandigarh,30.734516,76.799315,4.5,832,2020-03-22,True,28,277.0,136436.1,492.5490974729242,7330.21,272.0,3.288808664259928,0.07666666666666666,501.60330882352946,Top
REST_154,"Holden, Martinez and Clark Bites",Beverages,Bhopal,23.249223,77.410528,4.5,343,2019-11-09,True,31,263.0,129196.06999999999,491.23980988593155,6143.6,257.0,3.3688212927756656,0.08680555555555555,502.7084435797665,High
REST_155,Thomas-Washington Kitchen,South Indian,Indore,22.709185,75.846533,3.3,175,2021-05-13,True,13,236.0,104462.78,442.63889830508475,6738.04,235.0,3.461864406779661,0.1259259259259259,444.52246808510637,Low
REST_156,Macias and Sons Eatery,Continental,Coimbatore,11.035755,76.960783,5.0,198,2020-09-09,True,22,272.0,133357.91,490.2864338235294,8181.29,269.0,3.25,0.06529209621993128,495.754312267658,Top
REST_157,Henderson-Newton Eatery,Korean,Bangalore,12.985938,77.614262,2.3,294,2023-03-10,True,25,277.0,132576.54,478.61566787003613,8354.15,272.0,3.5162454873646207,0.09180327868852459,487.41375000000005,High
REST_158,Walker-Cooper Bites,South Indian,Lucknow,26.835927,80.950034,1.3,1089,2021-09-06,True,5,270.0,133748.8,495.36592592592586,5844.31,268.0,3.2222222222222223,0.09395973154362416,499.0626865671641,Top
REST_159,Barker-Smith Bites,Fast Food,Chandigarh,30.747176,76.766227,3.9,1066,2023-05-09,True,11,272.0,138929.7,510.770955882353,8761.92,268.0,3.0955882352941178,0.06206896551724138,518.3944029850746,Top
REST_160,Donaldson Inc Kitchen,Mughlai,Surat,21.184706,72.841459,1.4,1181,2023-10-27,True,36,294.0,145317.33,494.2766326530612,9004.31,291.0,3.295918367346939,0.10091743119266056,499.3722680412371,Top
REST_161,Johnson Inc Eatery,Seafood,Coimbatore,11.036355,76.958909,1.1,1077,2021-08-25,True,9,275.0,125850.04,457.63650909090904,8208.26,273.0,3.1672727272727275,0.08333333333333333,460.9891575091575,Medium
REST_162,"Vaughan, Burton and Curry Foods",Italian,Kolkata,22.584118,88.352864,2.0,196,2024-12-08,True,33,239.0,111298.81,465.68539748953975,5814.98,232.0,3.435146443514644,0.09811320754716982,479.73625,Low
REST_163,"Gardner, Robinson and Reynolds Bites",Mughlai,Surat,21.164621,72.818307,4.4,1009,2020-04-29,True,9,271.0,134585.43,496.6252029520295,8990.25,269.0,3.302583025830258,0.08135593220338982,500.31758364312265,Top
REST_164,"Reynolds, Holloway and Meza Bites",Fast Food,Ahmedabad,23.023693,72.571903,1.1,353,2022-09-04,True,11,253.0,126222.1,498.901581027668,6779.64,247.0,3.217391304347826,0.06985294117647059,511.0206477732794,Medium
REST_165,Walker LLC Bites,Street Food,Bangalore,12.954291,77.612727,4.2,1199,2021-09-18,True,22,269.0,127169.59,472.74940520446097,7102.82,263.0,3.2936802973977697,0.05944055944055944,483.53456273764255,High
REST_166,"Fisher, Watson and Rogers Kitchen",Healthy,Bangalore,12.961577,77.595369,1.2,512,2023-07-24,True,18,223.0,108613.44,487.05578475336324,6822.87,223.0,3.5381165919282513,0.09716599190283401,487.05578475336324,Low
REST_167,"Wheeler, Fleming and Golden Bites",South Indian,Surat,21.164474,72.813056,4.9,516,2019-12-24,True,15,262.0,125424.38,478.7190076335878,7351.58,259.0,3.263358778625954,0.09342560553633218,484.26401544401546,Medium
REST_168,"Rodriguez, Chambers and Bennett Kitchen",Korean,Kolkata,22.566114,88.372973,2.0,699,2022-07-08,False,35,0.0,0.0,0.0,0.0,0.0,0.0,0.0,0.0,Low
REST_169,"Moreno, Allen and Kelly Kitchen",North Indian,Kolkata,22.577409,88.358999,4.2,281,2024-04-16,False,10,0.0,0.0,0.0,0.0,0.0,0.0,0.0,0.0,Low
REST_170,Parks Ltd Foods,North Indian,Jaipur,26.904949,75.806765,2.1,197,2020-08-11,True,17,243.0,119413.17,491.4122222222222,6249.31,242.0,3.0205761316872426,0.09665427509293681,493.44285123966944,Low
REST_171,Cherry Group Bites,Seafood,Ahmedabad,23.038913,72.586649,3.5,815,2020-05-24,True,23,283.0,137758.89,486.78053003533574,8353.03,280.0,3.0318021201413425,0.06907894736842106,491.99603571428577,Top
REST_172,"May, Hamilton and Henry Kitchen",Desserts,Lucknow,26.859089,80.938895,3.3,1192,2023-04-18,True,20,224.0,103032.44,459.96625,6758.57,223.0,3.1651785714285716,0.0931174089068826,462.02887892376685,Low
REST_173,"Howe, Ball and Mcdonald Bites",Chinese,Bhopal,23.275966,77.393954,4.3,1149,2023-07-14,True,13,258.0,124130.28,481.12511627906974,6100.48,253.0,3.0930232558139537,0.0851063829787234,490.63351778656124,Medium
REST_174,Watson PLC Foods,Italian,Hyderabad,17.379559,78.48332,3.7,901,2020-11-22,True,14,259.0,124876.75,482.1496138996139,6399.98,254.0,3.3436293436293436,0.0975609756097561,491.64074803149606,Medium
REST_175,"Smith, Hunter and Murray Cafe",Street Food,Coimbatore,11.018345,76.955225,2.3,678,2022-08-15,True,26,276.0,136612.63,494.9732971014493,8027.2300000000005,275.0,3.351449275362319,0.08609271523178808,496.77320000000003,Top
REST_176,Clark-Hutchinson Foods,Street Food,Chandigarh,30.747095,76.792148,4.3,749,2020-06-03,True,27,236.0,121103.36,513.1498305084746,5506.13,233.0,3.093220338983051,0.09230769230769231,519.7569098712446,Medium
REST_177,"Melendez, Mitchell and Robles Eatery",Seafood,Bhopal,23.246053,77.398535,1.2,803,2021-12-07,True,21,278.0,132871.73,477.95586330935254,7994.78,278.0,3.3920863309352516,0.0915032679738562,477.95586330935254,High
REST_178,Woodward Ltd Kitchen,Street Food,Chandigarh,30.749286,76.766432,1.6,1075,2024-04-19,True,12,271.0,128871.27,475.539741697417,6523.18,265.0,3.199261992619926,0.07508532423208192,486.306679245283,High
REST_179,Fernandez-Allen Kitchen,Japanese,Bangalore,12.957391,77.608405,4.4,204,2020-03-21,True,14,266.0,131486.66,494.31075187969924,6889.5,260.0,3.3947368421052633,0.08275862068965517,505.7179230769231,High
REST_180,Ramos-Blair Bites,Japanese,Indore,22.733677,75.876877,2.4,223,2022-11-18,True,18,272.0,137954.03,507.1839338235294,8412.05,270.0,2.985294117647059,0.09933774834437085,510.94085185185185,Top
REST_181,"Moore, Davis and Berger Cafe",Bakery,Jaipur,26.920138,75.784887,3.6,273,2020-02-15,True,19,258.0,120887.41,468.5558527131783,7376.72,258.0,3.2170542635658914,0.08185053380782918,468.5558527131783,Medium
REST_182,Grant Inc Foods,Chinese,Coimbatore,11.027314,76.965135,1.4,570,2020-10-15,True,23,297.0,142488.15,479.75808080808076,7016.99,292.0,3.3063973063973062,0.054140127388535034,487.97311643835616,Top
REST_183,Glover-Lawson Eatery,Italian,Kolkata,22.566706,88.361605,2.4,745,2022-04-13,True,16,278.0,138752.8,499.1107913669064,7974.32,278.0,3.183453237410072,0.0576271186440678,499.1107913669064,Top
REST_184,"Brown, Scott and Ellis Foods",North Indian,Chandigarh,30.722954,76.795188,1.9,177,2021-03-05,True,26,265.0,126790.6,478.4550943396227,6956.79,262.0,3.388679245283019,0.08304498269896193,483.9335877862596,High
REST_185,"Gonzales, Kelly and Hamilton Bites",Fast Food,Bhopal,23.240398,77.420708,4.3,999,2020-09-09,True,26,277.0,136890.28,494.18873646209386,7571.17,276.0,3.303249097472924,0.0858085808580858,495.97927536231884,Top
REST_186,"Deleon, Allen and Harrison Cafe",Bakery,Ahmedabad,23.029666,72.562792,2.3,1159,2023-11-28,True,32,246.0,123896.56999999999,503.64459349593494,6351.92,243.0,3.1016260162601625,0.09558823529411764,509.8624279835391,Medium
REST_187,Green-Bryant Cafe,Desserts,Coimbatore,11.008991,76.969467,2.3,994,2023-10-24,True,18,243.0,114845.23,472.61411522633745,5509.79,241.0,3.3497942386831276,0.06896551724137931,476.53622406639005,Low
REST_188,Conner-Villegas Eatery,Desserts,Surat,21.154515,72.836165,3.5,306,2020-08-24,True,21,236.0,116224.46,492.47652542372884,7914.79,231.0,3.23728813559322,0.08527131782945736,503.1361904761905,Low
REST_189,Terry-Herrera Foods,South Indian,Bhopal,23.270941,77.412888,3.0,930,2019-11-18,True,17,289.0,140998.49,487.88404844290653,9291.63,286.0,3.093425605536332,0.06168831168831169,493.00171328671325,Top
REST_190,Pena-Scott Eatery,Korean,Kolkata,22.567021,88.370184,3.1,425,2022-04-11,True,12,249.0,123640.93,496.54991967871484,6143.91,249.0,3.1485943775100402,0.06390977443609022,496.54991967871484,Medium
REST_191,Harris Group Foods,Italian,Chennai,13.069167,80.285531,3.7,194,2023-08-10,True,43,248.0,120727.69,486.80520161290326,6947.37,247.0,3.2338709677419355,0.0948905109489051,488.77607287449393,Medium
REST_192,Black-Hale Cafe,Street Food,Surat,21.188294,72.829163,2.4,973,2022-06-09,True,30,288.0,142704.78,495.5027083333333,6994.98,285.0,3.0208333333333335,0.08860759493670886,500.71852631578946,Top
REST_193,Dominguez and Sons Bites,Mughlai,Bangalore,12.975423,77.583341,2.2,505,2024-03-18,True,25,280.0,141787.94,506.38550000000004,7233.65,278.0,3.35,0.06976744186046512,510.02856115107915,Top
REST_194,Benson Group Kitchen,Seafood,Kolkata,22.573811,88.349803,2.0,296,2022-09-17,False,18,0.0,0.0,0.0,0.0,0.0,0.0,0.0,0.0,Low
REST_195,Martinez Inc Cafe,North Indian,Bhopal,23.259509,77.429249,2.3,179,2024-12-19,True,12,254.0,119351.37,469.8872834645669,7453.5,250.0,3.094488188976378,0.1056338028169014,477.40547999999995,Low
REST_196,Ross-Lewis Foods,Italian,Pune,18.510131,73.863086,3.2,166,2021-08-18,True,27,251.0,120385.46,479.62334661354583,6412.33,247.0,3.2231075697211153,0.05639097744360902,487.3905263157895,Medium
REST_197,"Jones, Martin and Bautista Bites",North Indian,Coimbatore,11.029791,76.965931,1.3,583,2021-12-03,False,17,0.0,0.0,0.0,0.0,0.0,0.0,0.0,0.0,Low
REST_198,Jones-Bell Cafe,Korean,Lucknow,26.841689,80.96315,4.8,724,2020-06-30,True,21,249.0,120173.97,482.6263855421687,6855.64,248.0,3.3694779116465865,0.08455882352941177,484.5724596774194,Medium
REST_199,Holt Inc Eatery,North Indian,Bhopal,23.267434,77.409062,3.2,737,2020-04-27,False,14,0.0,0.0,0.0,0.0,0.0,0.0,0.0,0.0,Low
REST_200,Daniels-Garcia Eatery,Continental,Delhi,28.715044,77.107322,2.4,1173,2022-03-25,True,20,277.0,141032.29,509.14184115523466,7246.69,275.0,3.07942238267148,0.07357859531772576,512.8446909090909,Top
REST_201,"Welch, Reed and Fuller Bites",Fast Food,Jaipur,26.902335,75.803778,4.1,1167,2024-02-22,True,14,242.0,121190.05,500.7853305785124,6080.16,239.0,3.3595041322314048,0.10037174721189591,507.0713389121339,Medium
REST_202,"Burns, Wilson and Murray Cafe",North Indian,Kolkata,22.586165,88.378597,4.2,292,2023-11-21,True,14,267.0,125725.86,470.8833707865169,8553.95,265.0,3.3408239700374533,0.06315789473684211,474.4372075471698,Medium
REST_203,"Warren, Drake and Thomas Cafe",Continental,Bangalore,12.959765,77.58144,4.0,726,2019-10-18,True,20,264.0,123284.58,466.98704545454547,8952.86,263.0,3.090909090909091,0.07042253521126761,468.7626615969582,Medium
REST_204,Fields Group Bites,Healthy,Surat,21.187072,72.817121,4.0,606,2022-10-25,True,9,283.0,140958.52,498.0866431095406,8291.61,280.0,3.3886925795053005,0.09294871794871795,503.42328571428567,Top
REST_205,"Campbell, Little and Jones Cafe",Chinese,Chandigarh,30.748864,76.784232,1.4,479,2024-11-28,True,9,254.0,124024.37,488.2849212598425,6499.76,251.0,3.3622047244094486,0.11188811188811189,494.1209960159362,Medium
REST_206,Murphy-Thomas Foods,Beverages,Lucknow,26.83331,80.937444,2.7,196,2024-09-20,True,13,275.0,136490.63,496.3295636363637,7510.33,271.0,3.1272727272727274,0.08333333333333333,503.6554612546126,Top
REST_207,Wade Ltd Cafe,South Indian,Bhopal,23.249848,77.393494,2.0,1096,2024-08-18,False,16,0.0,0.0,0.0,0.0,0.0,0.0,0.0,0.0,Low
REST_208,Sullivan-Rubio Eatery,Mughlai,Mumbai,19.07088,72.88857,4.3,627,2024-04-29,True,26,248.0,117911.77,475.450685483871,7183.23,246.0,3.2096774193548385,0.07806691449814127,479.3161382113821,Low
REST_209,"Porter, Meyers and King Eatery",South Indian,Indore,22.719401,75.870728,2.1,589,2023-08-09,True,17,273.0,133758.1,489.95641025641027,8289.12,271.0,3.197802197802198,0.05536332179930796,493.5723247232473,Top
REST_210,Robinson LLC Foods,Continental,Jaipur,26.893248,75.770301,2.5,641,2022-02-08,True,18,284.0,134692.54,474.26950704225357,9161.01,282.0,3.2922535211267605,0.06885245901639345,477.6331205673759,Top
REST_211,"Choi, Hicks and Smith Eatery",North Indian,Ahmedabad,23.007878,72.560263,2.3,493,2020-04-18,False,16,0.0,0.0,0.0,0.0,0.0,0.0,0.0,0.0,Low
REST_212,Orr Ltd Bites,Chinese,Lucknow,26.849131,80.958381,1.9,281,2024-04-19,True,21,265.0,134451.53,507.36426415094337,8261.53,259.0,3.1962264150943396,0.07017543859649122,519.1178764478765,Top
REST_213,Johnson PLC Eatery,Continental,Bhopal,23.242707,77.425335,1.9,634,2022-05-30,True,12,247.0,121688.16,492.6646153846154,7393.15,245.0,3.2955465587044532,0.10830324909747292,496.68636734693877,Medium
REST_214,"Tate, Bailey and Johnson Cafe",Italian,Chandigarh,30.735204,76.769797,4.1,1132,2023-10-01,True,17,255.0,125757.38,493.16619607843137,7514.55,253.0,3.1921568627450982,0.07608695652173914,497.064743083004,Medium
REST_215,Quinn-Powell Eatery,Korean,Indore,22.737504,75.850396,2.9,593,2021-04-05,True,21,258.0,119945.28,464.9041860465116,5200.25,253.0,3.248062015503876,0.11945392491467577,474.0920158102767,Medium
REST_216,Wade PLC Cafe,Fast Food,Bhopal,23.247961,77.425035,4.9,992,2023-12-25,True,20,239.0,113889.28,476.5241841004184,5830.55,238.0,3.309623430962343,0.10150375939849623,478.52638655462187,Low
REST_217,"Daugherty, Nichols and Lawson Kitchen",Healthy,Chennai,13.072478,80.268217,3.9,271,2022-02-05,True,18,258.0,127427.12,493.90356589147285,8002.4,255.0,3.12015503875969,0.09473684210526316,499.71419607843137,High
REST_218,"Martinez, Weeks and Curry Kitchen",Chinese,Coimbatore,10.998762,76.952799,4.2,664,2023-08-09,True,18,287.0,140599.31,489.8930662020906,7586.06,282.0,3.2578397212543555,0.06209150326797386,498.5791134751773,Top
REST_219,"Shelton, Green and Rowe Bites",Korean,Mumbai,19.07505,72.893083,4.2,803,2022-05-11,True,22,261.0,128117.18,490.8704214559387,7907.02,259.0,3.3946360153256707,0.07446808510638298,494.6609266409266,High
REST_220,Rivera and Sons Bites,Japanese,Kolkata,22.569727,88.376568,2.0,698,2023-10-24,True,44,243.0,119075.81,490.02390946502055,5934.07,241.0,3.2263374485596708,0.09328358208955224,494.0904979253112,Low
REST_221,Lawrence Inc Bites,Desserts,Chennai,13.072782,80.27184,1.2,532,2019-03-17,True,12,240.0,115680.86,482.0035833333333,7422.15,233.0,3.154166666666667,0.10112359550561797,496.4843776824034,Low
REST_222,Matthews-Wright Bites,Mughlai,Bhopal,23.26568,77.406073,2.6,766,2022-06-21,True,45,279.0,133276.62,477.69397849462365,8763.55,275.0,3.3010752688172045,0.06688963210702341,484.64225454545453,Top
REST_223,Thompson Inc Cafe,Healthy,Bhopal,23.255425,77.419099,2.0,528,2021-10-27,True,12,259.0,120965.32,467.04756756756757,7059.73,257.0,3.301158301158301,0.08156028368794327,470.6821789883269,Medium
REST_224,Fitzgerald PLC Bites,Beverages,Indore,22.714537,75.861018,3.3,179,2020-03-21,True,7,252.0,124369.58,493.53007936507936,4845.52,248.0,3.1666666666666665,0.08029197080291971,501.4902419354839,Medium
REST_225,Singleton Ltd Eatery,Seafood,Hyderabad,17.400034,78.482353,3.0,383,2020-01-23,True,14,249.0,118945.09,477.69112449799195,8390.61,245.0,3.2771084337349397,0.0708955223880597,485.4901632653061,Low
REST_226,"Rogers, Johnson and Adams Foods",Fast Food,Surat,21.161348,72.828576,2.9,670,2024-10-10,True,21,271.0,129639.07,478.3729520295203,7557.53,269.0,3.3062730627306274,0.0782312925170068,481.9296282527881,High
REST_227,Buckley Group Kitchen,Seafood,Chandigarh,30.727988,76.763441,1.4,738,2021-03-05,True,40,289.0,138281.28,478.48193771626296,8917.82,288.0,3.283737024221453,0.07961783439490445,480.1433333333333,Top
REST_228,Diaz-Wilson Bites,Continental,Indore,22.700019,75.864568,3.5,1096,2024-07-05,True,12,264.0,125342.15,474.7808712121212,6486.8,261.0,3.287878787878788,0.05714285714285714,480.23812260536397,Medium
REST_229,"Buck, Miller and Patel Kitchen",Desserts,Lucknow,26.847892,80.957684,1.6,613,2020-03-07,True,22,246.0,114589.42,465.81065040650407,5949.3,244.0,3.252032520325203,0.08550185873605948,469.62877049180327,Low
REST_230,Bowers Inc Foods,Desserts,Coimbatore,11.022135,76.946335,4.8,264,2023-03-25,True,10,240.0,117512.74,489.63641666666666,5552.35,239.0,3.3333333333333335,0.12087912087912088,491.6851046025105,Low
REST_231,"Velazquez, Coffey and Smith Eatery",North Indian,Delhi,28.700069,77.120188,3.1,901,2022-07-01,True,39,263.0,133451.38,507.4196958174905,6633.92,259.0,3.365019011406844,0.0673758865248227,515.2562934362935,Top
REST_232,"Price, Smith and Todd Kitchen",Bakery,Pune,18.524549,73.846118,1.1,215,2020-07-24,True,30,271.0,122555.35,452.2337638376384,8031.74,267.0,3.284132841328413,0.07508532423208192,459.00880149812735,Medium
REST_233,Allen-Simpson Foods,Mughlai,Pune,18.538131,73.856059,2.0,780,2019-09-24,True,14,276.0,138498.84,501.8073913043478,6679.36,271.0,3.3333333333333335,0.07692307692307693,511.0658302583026,Top
REST_234,"Snyder, Graham and Clark Bites",Seafood,Surat,21.161752,72.827084,3.3,174,2022-02-11,False,32,0.0,0.0,0.0,0.0,0.0,0.0,0.0,0.0,Low
REST_235,Cole-Jackson Eatery,Mughlai,Bhopal,23.259883,77.405584,3.3,383,2022-06-29,True,17,256.0,129076.74,504.206015625,8173.79,255.0,3.3046875,0.08896797153024912,506.18329411764705,High
REST_236,Curtis Group Cafe,Desserts,Indore,22.716506,75.843206,3.7,558,2024-04-12,True,31,252.0,125523.77,498.1101984126984,8173.4,250.0,3.507936507936508,0.04905660377358491,502.09508,Medium
REST_237,"Smith, Roy and Hunt Bites",South Indian,Hyderabad,17.372594,78.471584,4.0,584,2019-03-29,True,18,222.0,107980.53,486.39878378378376,6199.89,221.0,3.536036036036036,0.08264462809917356,488.59968325791857,Low
REST_238,"Griffin, Lucas and Wheeler Eatery",Beverages,Jaipur,26.924265,75.796289,3.5,1165,2022-10-06,True,18,248.0,114872.7,463.1963709677419,5881.47,243.0,3.125,0.07806691449814127,472.72716049382717,Low
REST_239,"Jackson, Johnson and Gilbert Eatery",Street Food,Bangalore,12.991312,77.603889,3.3,746,2022-12-20,True,14,264.0,121588.12,460.5610606060606,6403.12,264.0,3.352272727272727,0.07042253521126761,460.5610606060606,Medium
REST_240,Ewing and Sons Foods,Seafood,Surat,21.17112,72.818121,2.7,844,2019-04-18,True,24,261.0,122844.55,470.66877394636015,7681.15,259.0,3.413793103448276,0.09688581314878893,474.3032818532819,Medium
REST_241,Juarez LLC Eatery,Street Food,Surat,21.184605,72.822475,1.0,183,2021-01-12,True,19,259.0,130843.49,505.1872200772201,6347.76,253.0,3.227799227799228,0.08156028368794327,517.1679446640317,High
REST_242,Perez-Shaw Cafe,Desserts,Hyderabad,17.379321,78.49653,2.5,344,2021-04-07,True,22,249.0,113696.12,456.6109236947791,6276.32,246.0,3.3092369477911645,0.07434944237918216,462.17934959349594,Low
REST_243,Alexander PLC Bites,Mughlai,Surat,21.168198,72.822812,1.9,572,2020-03-01,True,9,280.0,141122.51,504.00896428571434,8770.76,276.0,3.2928571428571427,0.09385113268608414,511.31344202898555,Top
REST_244,Poole-Wagner Cafe,Korean,Kolkata,22.571885,88.357731,3.5,323,2024-06-04,True,31,251.0,119979.69,478.0067330677291,7325.13,249.0,3.1155378486055776,0.1099290780141844,481.8461445783133,Medium
REST_245,Wang-Moreno Cafe,Chinese,Hyderabad,17.401352,78.500368,2.0,243,2020-02-19,True,35,255.0,121331.88,475.8112941176471,6684.32,250.0,3.2588235294117647,0.0989399293286219,485.32752,Medium
REST_246,Mcgrath-Lee Cafe,Chinese,Bangalore,12.954277,77.585474,2.9,827,2023-06-19,True,19,256.0,127918.06,499.679921875,6638.55,251.0,3.16015625,0.09219858156028368,509.63370517928286,High
REST_247,"Harris, Holland and Glover Eatery",Desserts,Jaipur,26.917567,75.801325,2.1,651,2021-11-04,True,43,275.0,138115.87,502.23952727272723,8097.3,273.0,3.210909090909091,0.09539473684210527,505.9189377289377,Top
REST_248,"Lopez, Garcia and Stevens Cafe",Korean,Jaipur,26.929412,75.798894,3.2,628,2019-03-01,True,38,254.0,125548.02,494.28354330708663,7555.47,246.0,3.1535433070866143,0.06273062730627306,510.3578048780488,Medium
REST_249,Mendoza and Sons Bites,Italian,Hyderabad,17.398323,78.472815,3.1,666,2020-04-09,True,24,257.0,119712.2,465.80622568093384,8280.61,255.0,3.412451361867704,0.05514705882352941,469.45960784313723,Low
REST_250,Clark-Madden Eatery,Bakery,Indore,22.736857,75.838683,4.9,517,2023-05-16,True,32,248.0,120993.95,487.87883064516126,7117.41,247.0,3.4274193548387095,0.06060606060606061,489.8540485829959,Medium
